[X]-Latitude,[Y]-Longitude,[Z]-Elevation
0,0,0.4961576
0,0.08599931,0.4819193
0,0.1719986,0.4426623
0,0.2579979,0.3835537
0,0.3439972,0.3138001
0,0.4299966,0.24458
0,0.5159959,0.1869755
0,0.6019952,0.1499052
0,0.6879945,0.1380549
0,0.7739938,0.1498128
0,0.8599931,0.1752654
0,0.9459924,0.2042242
0,1.031992,0.2379445
0,1.117991,0.2751777
0,1.20399,0.3122783
0,1.28999,0.3451318
0,1.375989,0.3705343
0,1.461989,0.3870226
0,1.547988,0.3951552
0,1.633987,0.3972443
0,1.719987,0.3965384
0,1.805986,0.3958561
0,1.891985,0.3951623
0,1.977985,0.3858933
0,2.063984,0.3624797
0,2.149983,0.3278551
0,2.235983,0.2894654
0,2.321982,0.2559442
0,2.407981,0.2346483
0,2.49398,0.2300604
0,2.57998,0.2430531
0,2.665979,0.2710177
0,2.751978,0.3088575
0,2.837977,0.3508427
0,2.923977,0.395532
0,3.009976,0.449398
0,3.095975,0.5117483
0,3.181974,0.5756322
0,3.267974,0.6322479
0,3.353973,0.6741666
0,3.439972,0.6973817
0,3.525971,0.7021766
0,3.611971,0.6928166
0,3.69797,0.676061
0,3.783969,0.6584962
0,3.869968,0.6425825
0,3.955968,0.6191696
0,4.041967,0.5773011
0,4.127966,0.5169851
0,4.213966,0.4453974
0,4.299965,0.3728536
0,4.385965,0.3096447
0,4.471964,0.2637374
0,4.557964,0.2393382
0,4.643963,0.2363204
0,4.729963,0.2505159
0,4.815962,0.2748703
0,4.901962,0.3026116
0,4.987961,0.3363376
0.08599931,0,0.5196894
0.08599931,0.08599931,0.512818
0.08599931,0.1719986,0.4766434
0.08599931,0.2579979,0.4172176
0.08599931,0.3439972,0.3453237
0.08599931,0.4299966,0.2740545
0.08599931,0.5159959,0.2163904
0.08599931,0.6019952,0.1827768
0.08599931,0.6879945,0.1787026
0.08599931,0.7739938,0.2022795
0.08599931,0.8599931,0.2418861
0.08599931,0.9459924,0.2842051
0.08599931,1.031992,0.3271303
0.08599931,1.117991,0.3667365
0.08599931,1.20399,0.3979729
0.08599931,1.28999,0.4169092
0.08599931,1.375989,0.4221382
0.08599931,1.461989,0.4153382
0.08599931,1.547988,0.4009903
0.08599931,1.633987,0.3852555
0.08599931,1.719987,0.3740079
0.08599931,1.805986,0.3700267
0.08599931,1.891985,0.3692272
0.08599931,1.977985,0.3599315
0.08599931,2.063984,0.3369778
0.08599931,2.149983,0.3041595
0.08599931,2.235983,0.2697016
0.08599931,2.321982,0.2426339
0.08599931,2.407981,0.230174
0.08599931,2.49398,0.2361215
0.08599931,2.57998,0.260262
0.08599931,2.665979,0.2987817
0.08599931,2.751978,0.3456936
0.08599931,2.837977,0.395271
0.08599931,2.923977,0.4464112
0.08599931,3.009976,0.5027487
0.08599931,3.095975,0.5616477
0.08599931,3.181974,0.6161272
0.08599931,3.267974,0.6587698
0.08599931,3.353973,0.6844468
0.08599931,3.439972,0.6918691
0.08599931,3.525971,0.6839576
0.08599931,3.611971,0.6670343
0.08599931,3.69797,0.6488379
0.08599931,3.783969,0.6353576
0.08599931,3.869968,0.6263898
0.08599931,3.955968,0.6086556
0.08599931,4.041967,0.5688258
0.08599931,4.127966,0.5067904
0.08599931,4.213966,0.4310001
0.08599931,4.299965,0.3537036
0.08599931,4.385965,0.2871962
0.08599931,4.471964,0.2410777
0.08599931,4.557964,0.2205217
0.08599931,4.643963,0.2255555
0.08599931,4.729963,0.2513493
0.08599931,4.815962,0.2895171
0.08599931,4.901962,0.3320591
0.08599931,4.987961,0.3835368
0.1719986,0,0.5370238
0.1719986,0.08599931,0.5374662
0.1719986,0.1719986,0.50698
0.1719986,0.2579979,0.451953
0.1719986,0.3439972,0.3837664
0.1719986,0.4299966,0.3162392
0.1719986,0.5159959,0.2630717
0.1719986,0.6019952,0.2352886
0.1719986,0.6879945,0.2386832
0.1719986,0.7739938,0.2712628
0.1719986,0.8599931,0.3207544
0.1719986,0.9459924,0.3721754
0.1719986,1.031992,0.4208507
0.1719986,1.117991,0.4608592
0.1719986,1.20399,0.4862159
0.1719986,1.28999,0.493286
0.1719986,1.375989,0.4821556
0.1719986,1.461989,0.4569557
0.1719986,1.547988,0.4251408
0.1719986,1.633987,0.395722
0.1719986,1.719987,0.3764547
0.1719986,1.805986,0.3699813
0.1719986,1.891985,0.3690894
0.1719986,1.977985,0.3595694
0.1719986,2.063984,0.3363435
0.1719986,2.149983,0.303753
0.1719986,2.235983,0.2706265
0.1719986,2.321982,0.2464108
0.1719986,2.407981,0.2384117
0.1719986,2.49398,0.250148
0.1719986,2.57998,0.2808174
0.1719986,2.665979,0.3258728
0.1719986,2.751978,0.3787141
0.1719986,2.837977,0.433487
0.1719986,2.923977,0.4889239
0.1719986,3.009976,0.5459175
0.1719986,3.095975,0.6000538
0.1719986,3.181974,0.6443244
0.1719986,3.267974,0.672578
0.1719986,3.353973,0.6817907
0.1719986,3.439972,0.6731597
0.1719986,3.525971,0.6520181
0.1719986,3.611971,0.6265702
0.1719986,3.69797,0.6054506
0.1719986,3.783969,0.5941019
0.1719986,3.869968,0.589904
0.1719986,3.955968,0.5767468
0.1719986,4.041967,0.5406771
0.1719986,4.127966,0.4819058
0.1719986,4.213966,0.4095762
0.1719986,4.299965,0.3366632
0.1719986,4.385965,0.2759857
0.1719986,4.471964,0.2373311
0.1719986,4.557964,0.2256911
0.1719986,4.643963,0.24061
0.1719986,4.729963,0.2766451
0.1719986,4.815962,0.3249387
0.1719986,4.901962,0.3776977
0.1719986,4.987961,0.441049
0.2579979,0,0.5471128
0.2579979,0.08599931,0.5537172
0.2579979,0.1719986,0.5299929
0.2579979,0.2579979,0.4822037
0.2579979,0.3439972,0.4215103
0.2579979,0.4299966,0.3614634
0.2579979,0.5159959,0.3154976
0.2579979,0.6019952,0.294424
0.2579979,0.6879945,0.3039236
0.2579979,0.7739938,0.3420419
0.2579979,0.8599931,0.3967407
0.2579979,0.9459924,0.4528008
0.2579979,1.031992,0.5041513
0.2579979,1.117991,0.5437695
0.2579979,1.20399,0.565205
0.2579979,1.28999,0.5650579
0.2579979,1.375989,0.5443067
0.2579979,1.461989,0.5084864
0.2579979,1.547988,0.4667139
0.2579979,1.633987,0.429565
0.2579979,1.719987,0.4057993
0.2579979,1.805986,0.3979357
0.2579979,1.891985,0.3969617
0.2579979,1.977985,0.3868419
0.2579979,2.063984,0.3620889
0.2579979,2.149983,0.3272139
0.2579979,2.235983,0.2915099
0.2579979,2.321982,0.2649738
0.2579979,2.407981,0.2553911
0.2579979,2.49398,0.2665867
0.2579979,2.57998,0.29784
0.2579979,2.665979,0.3444628
0.2579979,2.751978,0.3995454
0.2579979,2.837977,0.4568623
0.2579979,2.923977,0.5143402
0.2579979,3.009976,0.5705397
0.2579979,3.095975,0.6196621
0.2579979,3.181974,0.6546777
0.2579979,3.267974,0.6704212
0.2579979,3.353973,0.6655075
0.2579979,3.439972,0.6430702
0.2579979,3.525971,0.6103208
0.2579979,3.611971,0.5769294
0.2579979,3.69797,0.5522285
0.2579979,3.783969,0.5412348
0.2579979,3.869968,0.5394652
0.2579979,3.955968,0.5294822
0.2579979,4.041967,0.4982904
0.2579979,4.127966,0.4467705
0.2579979,4.213966,0.3841864
0.2579979,4.299965,0.3231238
0.2579979,4.385965,0.2755944
0.2579979,4.471964,0.2503047
0.2579979,4.557964,0.2510884
0.2579979,4.643963,0.2765046
0.2579979,4.729963,0.3205998
0.2579979,4.815962,0.3748345
0.2579979,4.901962,0.4328296
0.2579979,4.987961,0.5016702
0.3439972,0,0.5511579
0.3439972,0.08599931,0.5623801
0.3439972,0.1719986,0.5452559
0.3439972,0.2579979,0.5056397
0.3439972,0.3439972,0.4539627
0.3439972,0.4299966,0.4028901
0.3439972,0.5159959,0.3649781
0.3439972,0.6019952,0.3503314
0.3439972,0.6879945,0.3642595
0.3439972,0.7739938,0.4049357
0.3439972,0.8599931,0.4611076
0.3439972,0.9459924,0.5183603
0.3439972,1.031992,0.5703376
0.3439972,1.117991,0.6097137
0.3439972,1.20399,0.6299211
0.3439972,1.28999,0.6276405
0.3439972,1.375989,0.6041109
0.3439972,1.461989,0.5652647
0.3439972,1.547988,0.5206815
0.3439972,1.633987,0.4813657
0.3439972,1.719987,0.4563459
0.3439972,1.805986,0.4480964
0.3439972,1.891985,0.4470458
0.3439972,1.977985,0.4359359
0.3439972,2.063984,0.4083948
0.3439972,2.149983,0.3687828
0.3439972,2.235983,0.3267754
0.3439972,2.321982,0.2930894
0.3439972,2.407981,0.2763834
0.3439972,2.49398,0.2813407
0.3439972,2.57998,0.3079272
0.3439972,2.665979,0.3518289
0.3439972,2.751978,0.4060689
0.3439972,2.837977,0.4637989
0.3439972,2.923977,0.5215772
0.3439972,3.009976,0.576133
0.3439972,3.095975,0.620719
0.3439972,3.181974,0.6482901
0.3439972,3.267974,0.6543574
0.3439972,3.353973,0.6386596
0.3439972,3.439972,0.6056574
0.3439972,3.525971,0.5638507
0.3439972,3.611971,0.5239142
0.3439972,3.69797,0.4956587
0.3439972,3.783969,0.4838094
0.3439972,3.869968,0.4826233
0.3439972,3.955968,0.4745827
0.3439972,4.041967,0.4487222
0.3439972,4.127966,0.4067943
0.3439972,4.213966,0.3577649
0.3439972,4.299965,0.3130592
0.3439972,4.385965,0.2829852
0.3439972,4.471964,0.2743364
0.3439972,4.557964,0.289172
0.3439972,4.643963,0.3247756
0.3439972,4.729963,0.3747927
0.3439972,4.815962,0.4315456
0.3439972,4.901962,0.4908246
0.3439972,4.987961,0.5600901
0.4299966,0,0.5542386
0.4299966,0.08599931,0.5693016
0.4299966,0.1719986,0.5583352
0.4299966,0.2579979,0.5267154
0.4299966,0.3439972,0.4840207
0.4299966,0.4299966,0.4418809
0.4299966,0.5159959,0.411826
0.4299966,0.6019952,0.4031346
0.4299966,0.6879945,0.4206823
0.4299966,0.7739938,0.4627917
0.4299966,0.8599931,0.5191299
0.4299966,0.9459924,0.5763751
0.4299966,1.031992,0.6282647
0.4299966,1.117991,0.6674578
0.4299966,1.20399,0.6874049
0.4299966,1.28999,0.6848238
0.4299966,1.375989,0.6609982
0.4299966,1.461989,0.6219029
0.4299966,1.547988,0.57715
0.4299966,1.633987,0.5377608
0.4299966,1.719987,0.5127609
0.4299966,1.805986,0.5046001
0.4299966,1.891985,0.5035897
0.4299966,1.977985,0.4914666
0.4299966,2.063984,0.4607914
0.4299966,2.149983,0.4156343
0.4299966,2.235983,0.3660013
0.4299966,2.321982,0.3233768
0.4299966,2.407981,0.2974364
0.4299966,2.49398,0.2939371
0.4299966,2.57998,0.3137785
0.4299966,2.665979,0.3532393
0.4299966,2.751978,0.4053875
0.4299966,2.837977,0.4626631
0.4299966,2.923977,0.5200354
0.4299966,3.009976,0.5726259
0.4299966,3.095975,0.6129462
0.4299966,3.181974,0.6339671
0.4299966,3.267974,0.6317642
0.4299966,3.353973,0.6069857
0.4299966,3.439972,0.5651485
0.4299966,3.525971,0.5157605
0.4299966,3.611971,0.470267
0.4299966,3.69797,0.438827
0.4299966,3.783969,0.4259112
0.4299966,3.869968,0.4247895
0.4299966,3.955968,0.4183759
0.4299966,4.041967,0.3980994
0.4299966,4.127966,0.3666267
0.4299966,4.213966,0.3324552
0.4299966,4.299965,0.3055677
0.4299966,4.385965,0.2942609
0.4299966,4.471964,0.3031479
0.4299966,4.557964,0.3323347
0.4299966,4.643963,0.37777
0.4299966,4.729963,0.4327694
0.4299966,4.815962,0.4907126
0.4299966,4.901962,0.5497772
0.4299966,4.987961,0.6174891
0.5159959,0,0.5685698
0.5159959,0.08599931,0.586516
0.5159959,0.1719986,0.5801811
0.5159959,0.2579979,0.5545799
0.5159959,0.3439972,0.5186476
0.5159959,0.4299966,0.483233
0.5159959,0.5159959,0.4590916
0.5159959,0.6019952,0.4548789
0.5159959,0.6879945,0.4751429
0.5159959,0.7739938,0.518319
0.5159959,0.8599931,0.5747658
0.5159959,0.9459924,0.6317438
0.5159959,1.031992,0.6825851
0.5159959,1.117991,0.7198449
0.5159959,1.20399,0.7371963
0.5159959,1.28999,0.7317523
0.5159959,1.375989,0.7052409
0.5159959,1.461989,0.6640296
0.5159959,1.547988,0.6180002
0.5159959,1.633987,0.5782754
0.5159959,1.719987,0.5537953
0.5159959,1.805986,0.5467455
0.5159959,1.891985,0.5469939
0.5159959,1.977985,0.5353021
0.5159959,2.063984,0.5032068
0.5159959,2.149983,0.4542539
0.5159959,2.235983,0.3984463
0.5159959,2.321982,0.3477432
0.5159959,2.407981,0.312676
0.5159959,2.49398,0.3000881
0.5159959,2.57998,0.3119924
0.5159959,2.665979,0.3455492
0.5159959,2.751978,0.3941667
0.5159959,2.837977,0.4497179
0.5159959,2.923977,0.5054836
0.5159959,3.009976,0.5550681
0.5159959,3.095975,0.5905346
0.5159959,3.181974,0.6051624
0.5159959,3.267974,0.5957691
0.5159959,3.353973,0.5639084
0.5159959,3.439972,0.5159502
0.5159959,3.525971,0.4620404
0.5159959,3.611971,0.4139383
0.5159959,3.69797,0.3817373
0.5159959,3.783969,0.3694612
0.5159959,3.869968,0.3696465
0.5159959,3.955968,0.366285
0.5159959,4.041967,0.353486
0.5159959,4.127966,0.3346925
0.5159959,4.213966,0.3175899
0.5159959,4.299965,0.3103411
0.5159959,4.385965,0.3189408
0.5159959,4.471964,0.345691
0.5159959,4.557964,0.3887958
0.5159959,4.643963,0.4430771
0.5159959,4.729963,0.5018104
0.5159959,4.815962,0.5596808
0.5159959,4.901962,0.6172051
0.5159959,4.987961,0.6811331
0.6019952,0,0.599135
0.6019952,0.08599931,0.6182322
0.6019952,0.1719986,0.6137462
0.6019952,0.2579979,0.5905477
0.6019952,0.3439972,0.5573151
0.6019952,0.4299966,0.5245852
0.6019952,0.5159959,0.5028046
0.6019952,0.6019952,0.5003797
0.6019952,0.6879945,0.521728
0.6019952,0.7739938,0.56533
0.6019952,0.8599931,0.6218156
0.6019952,0.9459924,0.6781263
0.6019952,1.031992,0.726361
0.6019952,1.117991,0.7588421
0.6019952,1.20399,0.7698244
0.6019952,1.28999,0.7574264
0.6019952,1.375989,0.7244841
0.6019952,1.461989,0.6783279
0.6019952,1.547988,0.6294805
0.6019952,1.633987,0.5892774
0.6019952,1.719987,0.566411
0.6019952,1.805986,0.5623949
0.6019952,1.891985,0.5661406
0.6019952,1.977985,0.5576169
0.6019952,2.063984,0.5275052
0.6019952,2.149983,0.4784224
0.6019952,2.235983,0.4197305
0.6019952,2.321982,0.3632645
0.6019952,2.407981,0.3200333
0.6019952,2.49398,0.297902
0.6019952,2.57998,0.3002479
0.6019952,2.665979,0.3255956
0.6019952,2.751978,0.3682284
0.6019952,2.837977,0.4197763
0.6019952,2.923977,0.4717537
0.6019952,3.009976,0.5164318
0.6019952,3.095975,0.5459564
0.6019952,3.181974,0.5544512
0.6019952,3.267974,0.5398039
0.6019952,3.353973,0.504473
0.6019952,3.439972,0.4553171
0.6019952,3.525971,0.4024499
0.6019952,3.611971,0.3571143
0.6019952,3.69797,0.3285832
0.6019952,3.783969,0.3200796
0.6019952,3.869968,0.3238606
0.6019952,3.955968,0.3260038
0.6019952,4.041967,0.3235332
0.6019952,4.127966,0.3203081
0.6019952,4.213966,0.3226274
0.6019952,4.299965,0.3363093
0.6019952,4.385965,0.3647483
0.6019952,4.471964,0.4079481
0.6019952,4.557964,0.4625332
0.6019952,4.643963,0.5227361
0.6019952,4.729963,0.5823626
0.6019952,4.815962,0.6377336
0.6019952,4.901962,0.6913545
0.6019952,4.987961,0.7477739
0.6879945,0,0.6408518
0.6879945,0.08599931,0.6592087
0.6879945,0.1719986,0.6535336
0.6879945,0.2579979,0.6287899
0.6879945,0.3439972,0.5938211
0.6879945,0.4299966,0.5593646
0.6879945,0.5159959,0.5360657
0.6879945,0.6019952,0.532491
0.6879945,0.6879945,0.553142
0.6879945,0.7739938,0.59647
0.6879945,0.8599931,0.6529186
0.6879945,0.9459924,0.7081911
0.6879945,1.031992,0.752393
0.6879945,1.117991,0.7775358
0.6879945,1.20399,0.7788321
0.6879945,1.28999,0.7559961
0.6879945,1.375989,0.7135882
0.6879945,1.461989,0.6604016
0.6879945,1.547988,0.6078911
0.6879945,1.633987,0.5676461
0.6879945,1.719987,0.5479049
0.6879945,1.805986,0.5491136
0.6879945,1.891985,0.5588114
0.6879945,1.977985,0.5565745
0.6879945,2.063984,0.5325362
0.6879945,2.149983,0.4879737
0.6879945,2.235983,0.4308706
0.6879945,2.321982,0.3721935
0.6879945,2.407981,0.3228988
0.6879945,2.49398,0.2916808
0.6879945,2.57998,0.2834523
0.6879945,2.665979,0.2985635
0.6879945,2.751978,0.3327555
0.6879945,2.837977,0.3778512
0.6879945,2.923977,0.4236582
0.6879945,3.009976,0.461355
0.6879945,3.095975,0.4837495
0.6879945,3.181974,0.4863949
0.6879945,3.267974,0.4686082
0.6879945,3.353973,0.4337506
0.6879945,3.439972,0.3887724
0.6879945,3.525971,0.3430231
0.6879945,3.611971,0.3063223
0.6879945,3.69797,0.2862988
0.6879945,3.783969,0.2849886
0.6879945,3.869968,0.2948585
0.6879945,3.955968,0.3049329
0.6879945,4.041967,0.3149876
0.6879945,4.127966,0.3287484
0.6879945,4.213966,0.3505744
0.6879945,4.299965,0.3836055
0.6879945,4.385965,0.4286464
0.6879945,4.471964,0.4837853
0.6879945,4.557964,0.5447506
0.6879945,4.643963,0.6060019
0.6879945,4.729963,0.6625582
0.6879945,4.815962,0.7125619
0.6879945,4.901962,0.759739
0.6879945,4.987961,0.8050463
0.7739938,0,0.683812
0.7739938,0.08599931,0.6998595
0.7739938,0.1719986,0.6904746
0.7739938,0.2579979,0.6609099
0.7739938,0.3439972,0.6205242
0.7739938,0.4299966,0.5806808
0.7739938,0.5159959,0.5526451
0.7739938,0.6019952,0.545483
0.7739938,0.6879945,0.5639582
0.7739938,0.7739938,0.6064318
0.7739938,0.8599931,0.6627813
0.7739938,0.9459924,0.7167878
0.7739938,1.031992,0.7561088
0.7739938,1.117991,0.7724563
0.7739938,1.20399,0.762292
0.7739938,1.28999,0.7273254
0.7739938,1.375989,0.6742186
0.7739938,1.461989,0.6134928
0.7739938,1.547988,0.5576396
0.7739938,1.633987,0.5184354
0.7739938,1.719987,0.5034611
0.7739938,1.805986,0.511824
0.7739938,1.891985,0.5295244
0.7739938,1.977985,0.5363207
0.7739938,2.063984,0.5222049
0.7739938,2.149983,0.4868102
0.7739938,2.235983,0.4360808
0.7739938,2.321982,0.379387
0.7739938,2.407981,0.3270504
0.7739938,2.49398,0.2882867
0.7739938,2.57998,0.269559
0.7739938,2.665979,0.2733476
0.7739938,2.751978,0.297333
0.7739938,2.837977,0.3339921
0.7739938,2.923977,0.3716521
0.7739938,3.009976,0.400646
0.7739938,3.095975,0.4149248
0.7739938,3.181974,0.4119564
0.7739938,3.267974,0.3927845
0.7739938,3.353973,0.3616724
0.7739938,3.439972,0.3253321
0.7739938,3.525971,0.2917415
0.7739938,3.611971,0.268545
0.7739938,3.69797,0.261043
0.7739938,3.783969,0.2697644
0.7739938,3.869968,0.2877862
0.7739938,3.955968,0.3074985
0.7739938,4.041967,0.3307857
0.7739938,4.127966,0.3605921
0.7739938,4.213966,0.3989682
0.7739938,4.299965,0.4463899
0.7739938,4.385965,0.5014911
0.7739938,4.471964,0.5612107
0.7739938,4.557964,0.6213527
0.7739938,4.643963,0.6775612
0.7739938,4.729963,0.7267087
0.7739938,4.815962,0.7686989
0.7739938,4.901962,0.8073733
0.7739938,4.987961,0.8391419
0.8599931,0,0.7174348
0.8599931,0.08599931,0.7302523
0.8599931,0.1719986,0.7156788
0.8599931,0.2579979,0.6793714
0.8599931,0.3439972,0.6314097
0.8599931,0.4299966,0.584032
0.8599931,0.5159959,0.5493714
0.8599931,0.6019952,0.5371919
0.8599931,0.6879945,0.5526239
0.8599931,0.7739938,0.5939026
0.8599931,0.8599931,0.6501171
0.8599931,0.9459924,0.702825
0.8599931,1.031992,0.7371889
0.8599931,1.117991,0.7447247
0.8599931,1.20399,0.7232876
0.8599931,1.28999,0.6767032
0.8599931,1.375989,0.6137883
0.8599931,1.461989,0.5467609
0.8599931,1.547988,0.4890364
0.8599931,1.633987,0.4524149
0.8599931,1.719987,0.4436566
0.8599931,1.805986,0.4604461
0.8599931,1.891985,0.4873689
0.8599931,1.977985,0.5050092
0.8599931,2.063984,0.5036466
0.8599931,2.149983,0.4811382
0.8599931,2.235983,0.4409381
0.8599931,2.321982,0.3902559
0.8599931,2.407981,0.3382573
0.8599931,2.49398,0.2943124
0.8599931,2.57998,0.2662836
0.8599931,2.665979,0.2588626
0.8599931,2.751978,0.2719469
0.8599931,2.837977,0.2990653
0.8599931,2.923977,0.3274187
0.8599931,3.009976,0.3466997
0.8599931,3.095975,0.3522845
0.8599931,3.181974,0.3438403
0.8599931,3.267974,0.3243125
0.8599931,3.353973,0.2988655
0.8599931,3.439972,0.2737796
0.8599931,3.525971,0.2553049
0.8599931,3.611971,0.2484692
0.8599931,3.69797,0.2558437
0.8599931,3.783969,0.2762617
0.8599931,3.869968,0.3036378
0.8599931,3.955968,0.3336042
0.8599931,4.041967,0.3691365
0.8599931,4.127966,0.4117766
0.8599931,4.213966,0.4611638
0.8599931,4.299965,0.5154842
0.8599931,4.385965,0.571963
0.8599931,4.471964,0.6274018
0.8599931,4.557964,0.6787595
0.8599931,4.643963,0.723778
0.8599931,4.729963,0.7616518
0.8599931,4.815962,0.7937413
0.8599931,4.901962,0.8227664
0.8599931,4.987961,0.8402817
0.9459924,0,0.7334415
0.9459924,0.08599931,0.7429292
0.9459924,0.1719986,0.7230069
0.9459924,0.2579979,0.6797488
0.9459924,0.3439972,0.6239774
0.9459924,0.4299966,0.5688329
0.9459924,0.5159959,0.5273429
0.9459924,0.6019952,0.5099912
0.9459924,0.6879945,0.5222862
0.9459924,0.7739938,0.5623332
0.9459924,0.8599931,0.6184101
0.9459924,0.9459924,0.6699821
0.9459924,1.031992,0.7000759
0.9459924,1.117991,0.7001805
0.9459924,1.20399,0.6695181
0.9459924,1.28999,0.6138549
0.9459924,1.375989,0.5438921
0.9459924,1.461989,0.4732305
0.9459924,1.547988,0.4159113
0.9459924,1.633987,0.3835343
0.9459924,1.719987,0.3819513
0.9459924,1.805986,0.407537
0.9459924,1.891985,0.4438418
0.9459924,1.977985,0.4728518
0.9459924,2.063984,0.4854929
0.9459924,2.149983,0.4779097
0.9459924,2.235983,0.4509136
0.9459924,2.321982,0.4092649
0.9459924,2.407981,0.3606215
0.9459924,2.49398,0.3141603
0.9459924,2.57998,0.2788643
0.9459924,2.665979,0.2614821
0.9459924,2.751978,0.264154
0.9459924,2.837977,0.2817109
0.9459924,2.923977,0.3006322
0.9459924,3.009976,0.3100911
0.9459924,3.095975,0.3069191
0.9459924,3.181974,0.2930142
0.9459924,3.267974,0.2732419
0.9459924,3.353973,0.2536677
0.9459924,3.439972,0.2401195
0.9459924,3.525971,0.2370808
0.9459924,3.611971,0.2469154
0.9459924,3.69797,0.2694211
0.9459924,3.783969,0.3017161
0.9459924,3.869968,0.3385639
0.9459924,3.955968,0.3782159
0.9459924,4.041967,0.4235733
0.9459924,4.127966,0.4743111
0.9459924,4.213966,0.5278342
0.9459924,4.299965,0.5806825
0.9459924,4.385965,0.6296061
0.9459924,4.471964,0.6723081
0.9459924,4.557964,0.7078586
0.9459924,4.643963,0.7367764
0.9459924,4.729963,0.760781
0.9459924,4.815962,0.7822132
0.9459924,4.901962,0.8015658
0.9459924,4.987961,0.8059194
1.031992,0,0.7276496
1.031992,0.08599931,0.7345469
1.031992,0.1719986,0.7104635
1.031992,0.2579979,0.6617979
1.031992,0.3439972,0.5999506
1.031992,0.4299966,0.5387639
1.031992,0.5159959,0.4919609
1.031992,0.6019952,0.4705853
1.031992,0.6879945,0.4804398
1.031992,0.7739938,0.5195284
1.031992,0.8599931,0.5754988
1.031992,0.9459924,0.6262547
1.031992,1.031992,0.6533657
1.031992,1.117991,0.6484918
1.031992,1.20399,0.6120295
1.031992,1.28999,0.5512579
1.031992,1.375989,0.4782304
1.031992,1.461989,0.4074106
1.031992,1.547988,0.3530507
1.031992,1.633987,0.3263178
1.031992,1.719987,0.332162
1.031992,1.805986,0.3659305
1.031992,1.891985,0.410687
1.031992,1.977985,0.4501933
1.031992,2.063984,0.4762311
1.031992,2.149983,0.4834737
1.031992,2.235983,0.4702697
1.031992,2.321982,0.4389818
1.031992,2.407981,0.3956568
1.031992,2.49398,0.3490309
1.031992,2.57998,0.3088643
1.031992,2.665979,0.283612
1.031992,2.751978,0.2774238
1.031992,2.837977,0.2864803
1.031992,2.923977,0.2969007
1.031992,3.009976,0.2973484
1.031992,3.095975,0.2858842
1.031992,3.181974,0.2664076
1.031992,3.267974,0.2455642
1.031992,3.353973,0.2303214
1.031992,3.439972,0.2262096
1.031992,3.525971,0.2362322
1.031992,3.611971,0.2604429
1.031992,3.69797,0.2961888
1.031992,3.783969,0.3390236
1.031992,3.869968,0.3843547
1.031992,3.955968,0.4320768
1.031992,4.041967,0.4839712
1.031992,4.127966,0.5376441
1.031992,4.213966,0.588679
1.031992,4.299965,0.6327344
1.031992,4.385965,0.666974
1.031992,4.471964,0.6908297
1.031992,4.557964,0.7060962
1.031992,4.643963,0.7163597
1.031992,4.729963,0.725758
1.031992,4.815962,0.737074
1.031992,4.901962,0.7478534
1.031992,4.987961,0.7416816
1.117991,0,0.7005921
1.117991,0.08599931,0.7063408
1.117991,0.1719986,0.6804122
1.117991,0.2579979,0.6293488
1.117991,0.3439972,0.5648075
1.117991,0.4299966,0.5009414
1.117991,0.5159959,0.4517825
1.117991,0.6019952,0.4286225
1.117991,0.6879945,0.4373949
1.117991,0.7739938,0.4760586
1.117991,0.8599931,0.5319812
1.117991,0.9459924,0.5823317
1.117991,1.031992,0.6080815
1.117991,1.117991,0.6012428
1.117991,1.20399,0.5630677
1.117991,1.28999,0.5017527
1.117991,1.375989,0.4300214
1.117991,1.461989,0.3625805
1.117991,1.547988,0.3134519
1.117991,1.633987,0.2931798
1.117991,1.719987,0.3059153
1.117991,1.805986,0.3463746
1.117991,1.891985,0.3977324
1.117991,1.977985,0.445611
1.117991,2.063984,0.4826533
1.117991,2.149983,0.5024344
1.117991,2.235983,0.5013228
1.117991,2.321982,0.4796756
1.117991,2.407981,0.4421056
1.117991,2.49398,0.3968184
1.117991,2.57998,0.3540195
1.117991,2.665979,0.3233933
1.117991,2.751978,0.3106506
1.117991,2.837977,0.3131496
1.117991,2.923977,0.3168851
1.117991,3.009976,0.3099035
1.117991,3.095975,0.2910527
1.117991,3.181974,0.265788
1.117991,3.267974,0.2422618
1.117991,3.353973,0.2283439
1.117991,3.439972,0.2295706
1.117991,3.525971,0.2480231
1.117991,3.611971,0.2821361
1.117991,3.69797,0.3274343
1.117991,3.783969,0.3782011
1.117991,3.869968,0.4301049
1.117991,3.955968,0.483559
1.117991,4.041967,0.5385375
1.117991,4.127966,0.5906918
1.117991,4.213966,0.6343498
1.117991,4.299965,0.6650069
1.117991,4.385965,0.6808869
1.117991,4.471964,0.6835722
1.117991,4.557964,0.677707
1.117991,4.643963,0.6697679
1.117991,4.729963,0.665908
1.117991,4.815962,0.6688696
1.117991,4.901962,0.67309
1.117991,4.987961,0.6600388
1.20399,0,0.656955
1.20399,0.08599931,0.6634085
1.20399,0.1719986,0.6386123
1.20399,0.2579979,0.5890205
1.20399,0.3439972,0.5261325
1.20399,0.4299966,0.4639106
1.20399,0.5159959,0.4161975
1.20399,0.6019952,0.3941326
1.20399,0.6879945,0.403569
1.20399,0.7739938,0.4424935
1.20399,0.8599931,0.498443
1.20399,0.9459924,0.5488083
1.20399,1.031992,0.5748313
1.20399,1.117991,0.5690069
1.20399,1.20399,0.5330595
1.20399,1.28999,0.4754607
1.20399,1.375989,0.4089062
1.20399,1.461989,0.3477508
1.20399,1.547988,0.3054018
1.20399,1.633987,0.2916718
1.20399,1.719987,0.3100899
1.20399,1.805986,0.3551714
1.20399,1.891985,0.410734
1.20399,1.977985,0.4640405
1.20399,2.063984,0.5084001
1.20399,2.149983,0.5367191
1.20399,2.235983,0.5440727
1.20399,2.321982,0.529465
1.20399,2.407981,0.4964933
1.20399,2.49398,0.4529169
1.20399,2.57998,0.4091294
1.20399,2.665979,0.3755372
1.20399,2.751978,0.3588389
1.20399,2.837977,0.3572142
1.20399,2.923977,0.3565995
1.20399,3.009976,0.3442221
1.20399,3.095975,0.3191491
1.20399,3.181974,0.2878183
1.20399,3.267974,0.2595369
1.20399,3.353973,0.2430789
1.20399,3.439972,0.2443758
1.20399,3.525971,0.2653039
1.20399,3.611971,0.3035674
1.20399,3.69797,0.3536766
1.20399,3.783969,0.409023
1.20399,3.869968,0.4650511
1.20399,3.955968,0.5216431
1.20399,4.041967,0.5767654
1.20399,4.127966,0.6245186
1.20399,4.213966,0.6585813
1.20399,4.299965,0.674818
1.20399,4.385965,0.6727914
1.20399,4.471964,0.6561766
1.20399,4.557964,0.6320816
1.20399,4.643963,0.6092716
1.20399,4.729963,0.5952972
1.20399,4.815962,0.5925273
1.20399,4.901962,0.5927129
1.20399,4.987961,0.5767118
1.28999,0,0.603838
1.28999,0.08599931,0.6128167
1.28999,0.1719986,0.5920769
1.28999,0.2579979,0.5477563
1.28999,0.3439972,0.4907911
1.28999,0.4299966,0.4344594
1.28999,0.5159959,0.3919255
1.28999,0.6019952,0.3737831
1.28999,0.6879945,0.3855987
1.28999,0.7739938,0.4254573
1.28999,0.8599931,0.4815065
1.28999,0.9459924,0.5322313
1.28999,1.031992,0.5598477
1.28999,1.117991,0.5573967
1.28999,1.20399,0.5267168
1.28999,1.28999,0.4759999
1.28999,1.375989,0.4173419
1.28999,1.461989,0.364288
1.28999,1.547988,0.3293722
1.28999,1.633987,0.3216517
1.28999,1.719987,0.3442368
1.28999,1.805986,0.3918145
1.28999,1.891985,0.4492168
1.28999,1.977985,0.5049247
1.28999,2.063984,0.5525939
1.28999,2.149983,0.5848514
1.28999,2.235983,0.596197
1.28999,2.321982,0.5850151
1.28999,2.407981,0.5544198
1.28999,2.49398,0.5119327
1.28999,2.57998,0.4679911
1.28999,2.665979,0.4332907
1.28999,2.751978,0.4149584
1.28999,2.837977,0.4115596
1.28999,2.923977,0.4088875
1.28999,3.009976,0.3931113
1.28999,3.095975,0.3629597
1.28999,3.181974,0.3252895
1.28999,3.267974,0.2902178
1.28999,3.353973,0.2674242
1.28999,3.439972,0.2636175
1.28999,3.525971,0.2811739
1.28999,3.611971,0.3179397
1.28999,3.69797,0.3682036
1.28999,3.783969,0.4248371
1.28999,3.869968,0.4825906
1.28999,3.955968,0.540033
1.28999,4.041967,0.5933593
1.28999,4.127966,0.6356782
1.28999,4.213966,0.6605373
1.28999,4.299965,0.6644467
1.28999,4.385965,0.6482328
1.28999,4.471964,0.6172249
1.28999,4.557964,0.580274
1.28999,4.643963,0.547604
1.28999,4.729963,0.5274941
1.28999,4.815962,0.5217948
1.28999,4.901962,0.5203828
1.28999,4.987961,0.5048123
1.375989,0,0.5478365
1.375989,0.08599931,0.5605279
1.375989,0.1719986,0.5457519
1.375989,0.2579979,0.5091815
1.375989,0.3439972,0.4609244
1.375989,0.4299966,0.4132531
1.375989,0.5159959,0.3783343
1.375989,0.6019952,0.3659592
1.375989,0.6879945,0.3812727
1.375989,0.7739938,0.422505
1.375989,0.8599931,0.4787012
1.375989,0.9459924,0.5299771
1.375989,1.031992,0.5599102
1.375989,1.117991,0.5620973
1.375989,1.20399,0.5382655
1.375989,1.28999,0.4960025
1.375989,1.375989,0.4464865
1.375989,1.461989,0.4022158
1.375989,1.547988,0.3747387
1.375989,1.633987,0.372383
1.375989,1.719987,0.3979864
1.375989,1.805986,0.4466266
1.375989,1.891985,0.50432
1.375989,1.977985,0.560389
1.375989,2.063984,0.6085649
1.375989,2.149983,0.6414346
1.375989,2.235983,0.6534111
1.375989,2.321982,0.6427829
1.375989,2.407981,0.6125873
1.375989,2.49398,0.5703052
1.375989,2.57998,0.5263753
1.375989,2.665979,0.4915335
1.375989,2.751978,0.4729696
1.375989,2.837977,0.46931
1.375989,2.923977,0.4660764
1.375989,3.009976,0.4482045
1.375989,3.095975,0.4137202
1.375989,3.181974,0.3695326
1.375989,3.267974,0.326343
1.375989,3.353973,0.2947372
1.375989,3.439972,0.2824515
1.375989,3.525971,0.292821
1.375989,3.611971,0.3244038
1.375989,3.69797,0.3717845
1.375989,3.783969,0.4275572
1.375989,3.869968,0.4854733
1.375989,3.955968,0.5423999
1.375989,4.041967,0.5931245
1.375989,4.127966,0.6302076
1.375989,4.213966,0.6473669
1.375989,4.299965,0.6418176
1.375989,4.385965,0.6154322
1.375989,4.471964,0.5747237
1.375989,4.557964,0.5296482
1.375989,4.643963,0.4912317
1.375989,4.729963,0.4680152
1.375989,4.815962,0.4613246
1.375989,4.901962,0.4598852
1.375989,4.987961,0.4467184
1.461989,0,0.4905525
1.461989,0.08599931,0.506249
1.461989,0.1719986,0.4968978
1.461989,0.2579979,0.4677834
1.461989,0.3439972,0.4282149
1.461989,0.4299966,0.3894288
1.461989,0.5159959,0.3625082
1.461989,0.6019952,0.3563177
1.461989,0.6879945,0.3754537
1.461989,0.7739938,0.4182129
1.461989,0.8599931,0.4745755
1.461989,0.9459924,0.5265509
1.461989,1.031992,0.5593669
1.461989,1.117991,0.5671973
1.461989,1.20399,0.5514984
1.461989,1.28999,0.5190117
1.461989,1.375989,0.4797511
1.461989,1.461989,0.4449751
1.461989,1.547988,0.4251413
1.461989,1.633987,0.4278466
1.461989,1.719987,0.4557506
1.461989,1.805986,0.5044845
1.461989,1.891985,0.5614138
1.461989,1.977985,0.6166443
1.461989,2.063984,0.663935
1.461989,2.149983,0.6959541
1.461989,2.235983,0.7072155
1.461989,2.321982,0.6960875
1.461989,2.407981,0.6656398
1.461989,2.49398,0.6233289
1.461989,2.57998,0.5795181
1.461989,2.665979,0.5448388
1.461989,2.751978,0.5263852
1.461989,2.837977,0.5227505
1.461989,2.923977,0.5192174
1.461989,3.009976,0.4994895
1.461989,3.095975,0.4608325
1.461989,3.181974,0.4101436
1.461989,3.267974,0.3586658
1.461989,3.353973,0.3178843
1.461989,3.439972,0.2965987
1.461989,3.525971,0.2991753
1.461989,3.611971,0.324977
1.461989,3.69797,0.3689714
1.461989,3.783969,0.423519
1.461989,3.869968,0.4813295
1.461989,3.955968,0.5376274
1.461989,4.041967,0.5860624
1.461989,4.127966,0.618802
1.461989,4.213966,0.6297495
1.461989,4.299965,0.6167174
1.461989,4.385965,0.5824206
1.461989,4.471964,0.5342919
1.461989,4.557964,0.4831181
1.461989,4.643963,0.4404994
1.461989,4.729963,0.4151281
1.461989,4.815962,0.4078907
1.461989,4.901962,0.4067034
1.461989,4.987961,0.3963218
1.547988,0,0.4308619
1.547988,0.08599931,0.4456483
1.547988,0.1719986,0.4379911
1.547988,0.2579979,0.4132262
1.547988,0.3439972,0.3801883
1.547988,0.4299966,0.3491893
1.547988,0.5159959,0.3300953
1.547988,0.6019952,0.3305035
1.547988,0.6879945,0.3540198
1.547988,0.7739938,0.3986364
1.547988,0.8599931,0.4552134
1.547988,0.9459924,0.5083472
1.547988,1.031992,0.5457905
1.547988,1.117991,0.5623484
1.547988,1.20399,0.5586973
1.547988,1.28999,0.5399749
1.547988,1.375989,0.5142696
1.547988,1.461989,0.4910114
1.547988,1.547988,0.4792603
1.547988,1.633987,0.485898
1.547988,1.719987,0.5137171
1.547988,1.805986,0.5594118
1.547988,1.891985,0.6122119
1.547988,1.977985,0.6630598
1.547988,2.063984,0.7058136
1.547988,2.149983,0.7335801
1.547988,2.235983,0.7413919
1.547988,2.321982,0.7280051
1.547988,2.407981,0.6966177
1.547988,2.49398,0.6545116
1.547988,2.57998,0.6116124
1.547988,2.665979,0.5779752
1.547988,2.751978,0.5601877
1.547988,2.837977,0.5566986
1.547988,2.923977,0.5528883
1.547988,3.009976,0.5314413
1.547988,3.095975,0.4889199
1.547988,3.181974,0.4322099
1.547988,3.267974,0.3730558
1.547988,3.353973,0.3237764
1.547988,3.439972,0.2941555
1.547988,3.525971,0.2895148
1.547988,3.611971,0.3099624
1.547988,3.69797,0.3508207
1.547988,3.783969,0.4042336
1.547988,3.869968,0.4619543
1.547988,3.955968,0.5180663
1.547988,4.041967,0.5658244
1.547988,4.127966,0.59728
1.547988,4.213966,0.6063913
1.547988,4.299965,0.5911472
1.547988,4.385965,0.5545116
1.547988,4.471964,0.5041893
1.547988,4.557964,0.4512128
1.547988,4.643963,0.4073518
1.547988,4.729963,0.3813435
1.547988,4.815962,0.3739446
1.547988,4.901962,0.3730416
1.547988,4.987961,0.3656602
1.633987,0,0.3731737
1.633987,0.08599931,0.3815295
1.633987,0.1719986,0.3703067
1.633987,0.2579979,0.345511
1.633987,0.3439972,0.3159612
1.633987,0.4299966,0.2912011
1.633987,0.5159959,0.2796917
1.633987,0.6019952,0.2872829
1.633987,0.6879945,0.3159658
1.633987,0.7739938,0.3629059
1.633987,0.8599931,0.4197635
1.633987,0.9459924,0.4745948
1.633987,1.031992,0.5186737
1.633987,1.117991,0.5474088
1.633987,1.20399,0.5600079
1.633987,1.28999,0.5590586
1.633987,1.375989,0.5498304
1.633987,1.461989,0.5392957
1.633987,1.547988,0.5348711
1.633987,1.633987,0.5428789
1.633987,1.719987,0.566728
1.633987,1.805986,0.604816
1.633987,1.891985,0.6487451
1.633987,1.977985,0.690321
1.633987,2.063984,0.7236959
1.633987,2.149983,0.7429444
1.633987,2.235983,0.7441745
1.633987,2.321982,0.7268893
1.633987,2.407981,0.6944544
1.633987,2.49398,0.6536651
1.633987,2.57998,0.6134132
1.633987,2.665979,0.5824597
1.633987,2.751978,0.5663052
1.633987,2.837977,0.5631643
1.633987,2.923977,0.5591359
1.633987,3.009976,0.5363373
1.633987,3.095975,0.4907768
1.633987,3.181974,0.429332
1.633987,3.267974,0.3641416
1.633987,3.353973,0.3081795
1.633987,3.439972,0.2720039
1.633987,3.525971,0.2616877
1.633987,3.611971,0.2779249
1.633987,3.69797,0.316317
1.633987,3.783969,0.3688376
1.633987,3.869968,0.426498
1.633987,3.955968,0.4829798
1.633987,4.041967,0.5320845
1.633987,4.127966,0.5660943
1.633987,4.213966,0.5788587
1.633987,4.299965,0.568015
1.633987,4.385965,0.5360321
1.633987,4.471964,0.4900734
1.633987,4.557964,0.4406832
1.633987,4.643963,0.3992935
1.633987,4.729963,0.3745524
1.633987,4.815962,0.367475
1.633987,4.901962,0.3668897
1.633987,4.987961,0.3626851
1.719987,0,0.3245735
1.719987,0.08599931,0.3210913
1.719987,0.1719986,0.3011504
1.719987,0.2579979,0.2720335
1.719987,0.3439972,0.2429914
1.719987,0.4299966,0.2229536
1.719987,0.5159959,0.2187916
1.719987,0.6019952,0.2341379
1.719987,0.6879945,0.2687579
1.719987,0.7739938,0.3184777
1.719987,0.8599931,0.3756802
1.719987,0.9459924,0.4325941
1.719987,1.031992,0.4846791
1.719987,1.117991,0.5277842
1.719987,1.20399,0.5590099
1.719987,1.28999,0.5776289
1.719987,1.375989,0.5854536
1.719987,1.461989,0.5866492
1.719987,1.547988,0.5869927
1.719987,1.633987,0.5925772
1.719987,1.719987,0.6079622
1.719987,1.805986,0.6337704
1.719987,1.891985,0.6641878
1.719987,1.977985,0.6918432
1.719987,2.063984,0.7115011
1.719987,2.149983,0.7187564
1.719987,2.235983,0.711291
1.719987,2.321982,0.6896112
1.719987,2.407981,0.6571609
1.719987,2.49398,0.6198114
1.719987,2.57998,0.5847241
1.719987,2.665979,0.5585935
1.719987,2.751978,0.545261
1.719987,2.837977,0.5427092
1.719987,2.923977,0.5385577
1.719987,3.009976,0.5149968
1.719987,3.095975,0.4677226
1.719987,3.181974,0.4036077
1.719987,3.267974,0.3350131
1.719987,3.353973,0.2752826
1.719987,3.439972,0.2354106
1.719987,3.525971,0.2218938
1.719987,3.611971,0.2357565
1.719987,3.69797,0.2727578
1.719987,3.783969,0.3247754
1.719987,3.869968,0.3824142
1.719987,3.955968,0.4397192
1.719987,4.041967,0.4918213
1.719987,4.127966,0.5315177
1.719987,4.213966,0.5524145
1.719987,4.299965,0.5513672
1.719987,4.385965,0.5297418
1.719987,4.471964,0.4934978
1.719987,4.557964,0.4520915
1.719987,4.643963,0.4162032
1.719987,4.729963,0.3942832
1.719987,4.815962,0.3879216
1.719987,4.901962,0.3876701
1.719987,4.987961,0.386648
1.805986,0,0.2913625
1.805986,0.08599931,0.2720065
1.805986,0.1719986,0.2395022
1.805986,0.2579979,0.2028619
1.805986,0.3439972,0.1721034
1.805986,0.4299966,0.1556559
1.805986,0.5159959,0.1586645
1.805986,0.6019952,0.1821928
1.805986,0.6879945,0.2233248
1.805986,0.7739938,0.2761651
1.805986,0.8599931,0.3337589
1.805986,0.9459924,0.3928704
1.805986,1.031992,0.4532637
1.805986,1.117991,0.5109422
1.805986,1.20399,0.5604668
1.805986,1.28999,0.5974191
1.805986,1.375989,0.6199656
1.805986,1.461989,0.6295242
1.805986,1.547988,0.6305317
1.805986,1.633987,0.6293122
1.805986,1.719987,0.6320472
1.805986,1.805986,0.641848
1.805986,1.891985,0.6552947
1.805986,1.977985,0.6657314
1.805986,2.063984,0.6689247
1.805986,2.149983,0.6624407
1.805986,2.235983,0.6458556
1.805986,2.321982,0.6207509
1.805986,2.407981,0.5904297
1.805986,2.49398,0.5593531
1.805986,2.57998,0.5322961
1.805986,2.665979,0.5132253
1.805986,2.751978,0.5038943
1.805986,2.837977,0.5021625
1.805986,2.923977,0.4980038
1.805986,3.009976,0.4743979
1.805986,3.095975,0.4270228
1.805986,3.181974,0.3627506
1.805986,3.267974,0.2939555
1.805986,3.353973,0.2340029
1.805986,3.439972,0.1939132
1.805986,3.525971,0.1802078
1.805986,3.611971,0.1939306
1.805986,3.69797,0.23085
1.805986,3.783969,0.2828379
1.805986,3.869968,0.3404957
1.805986,3.955968,0.3988525
1.805986,4.041967,0.4547847
1.805986,4.127966,0.5017471
1.805986,4.213966,0.5330352
1.805986,4.299965,0.5445052
1.805986,4.385965,0.5361143
1.805986,4.471964,0.512283
1.805986,4.557964,0.4810784
1.805986,4.643963,0.4522196
1.805986,4.729963,0.4339043
1.805986,4.815962,0.4284572
1.805986,4.901962,0.428532
1.805986,4.987961,0.4304946
1.891985,0,0.2767732
1.891985,0.08599931,0.2396796
1.891985,0.1719986,0.1928361
1.891985,0.2579979,0.1471936
1.891985,0.3439972,0.1136913
1.891985,0.4299966,0.1003115
1.891985,0.5159959,0.1104089
1.891985,0.6019952,0.1423166
1.891985,0.6879945,0.190226
1.891985,0.7739938,0.2463441
1.891985,0.8599931,0.3043489
1.891985,0.9459924,0.3654805
1.891985,1.031992,0.4333578
1.891985,1.117991,0.5037863
1.891985,1.20399,0.5686473
1.891985,1.28999,0.6199181
1.891985,1.375989,0.6524161
1.891985,1.461989,0.6652689
1.891985,1.547988,0.6621084
1.891985,1.633987,0.6499882
1.891985,1.719987,0.6370274
1.891985,1.805986,0.6287778
1.891985,1.891985,0.6236629
1.891985,1.977985,0.615586
1.891985,2.063984,0.6017
1.891985,2.149983,0.5818052
1.891985,2.235983,0.5574473
1.891985,2.321982,0.5311588
1.891985,2.407981,0.5057952
1.891985,2.49398,0.4839705
1.891985,2.57998,0.4675875
1.891985,2.665979,0.4574673
1.891985,2.751978,0.4530737
1.891985,2.837977,0.452337
1.891985,2.923977,0.4482843
1.891985,3.009976,0.4253361
1.891985,3.095975,0.3794394
1.891985,3.181974,0.3174707
1.891985,3.267974,0.2516122
1.891985,3.353973,0.1949107
1.891985,3.439972,0.1580098
1.891985,3.525971,0.1470655
1.891985,3.611971,0.1628368
1.891985,3.69797,0.2009559
1.891985,3.783969,0.2533779
1.891985,3.869968,0.311089
1.891985,3.955968,0.3704564
1.891985,4.041967,0.4300685
1.891985,4.127966,0.4840121
1.891985,4.213966,0.5252842
1.891985,4.299965,0.5487807
1.891985,4.385965,0.5531055
1.891985,4.471964,0.5412003
1.891985,4.557964,0.5197973
1.891985,4.643963,0.4976925
1.891985,4.729963,0.4828406
1.891985,4.815962,0.4782722
1.891985,4.901962,0.4786432
1.891985,4.987961,0.4832291
1.977985,0,0.2798666
1.977985,0.08599931,0.225685
1.977985,0.1719986,0.1651213
1.977985,0.2579979,0.1109921
1.977985,0.3439972,0.07510414
1.977985,0.4299966,0.06497417
1.977985,0.5159959,0.08218902
1.977985,0.6019952,0.1224072
1.977985,0.6879945,0.1770016
1.977985,0.7739938,0.2363426
1.977985,0.8599931,0.2947477
1.977985,0.9459924,0.3574769
1.977985,1.031992,0.4311019
1.977985,1.117991,0.5108908
1.977985,1.20399,0.586219
1.977985,1.28999,0.6459763
1.977985,1.375989,0.682334
1.977985,1.461989,0.6928717
1.977985,1.547988,0.6810625
1.977985,1.633987,0.6551169
1.977985,1.719987,0.6251857
1.977985,1.805986,0.5989235
1.977985,1.891985,0.575815
1.977985,1.977985,0.5501552
1.977985,2.063984,0.5207788
1.977985,2.149983,0.4897406
1.977985,2.235983,0.4603794
1.977985,2.321982,0.4358903
1.977985,2.407981,0.418358
1.977985,2.49398,0.4082538
1.977985,2.57998,0.4043949
1.977985,2.665979,0.4043662
1.977985,2.751978,0.4054046
1.977985,2.837977,0.4057458
1.977985,2.923977,0.4018854
1.977985,3.009976,0.3801292
1.977985,3.095975,0.3369125
1.977985,3.181974,0.2791193
1.977985,3.267974,0.2185842
1.977985,3.353973,0.1677759
1.977985,3.439972,0.1366553
1.977985,3.525971,0.1307162
1.977985,3.611971,0.1502004
1.977985,3.69797,0.1904944
1.977985,3.783969,0.2437033
1.977985,3.869968,0.3014885
1.977985,3.955968,0.3615727
1.977985,4.041967,0.4237946
1.977985,4.127966,0.4826892
1.977985,4.213966,0.5310419
1.977985,4.299965,0.5630677
1.977985,4.385965,0.5764105
1.977985,4.471964,0.5729634
1.977985,4.557964,0.5585117
1.977985,4.643963,0.5411968
1.977985,4.729963,0.5288011
1.977985,4.815962,0.5248559
1.977985,4.901962,0.5254781
1.977985,4.987961,0.5322459
2.063984,0,0.2956044
2.063984,0.08599931,0.2273807
2.063984,0.1719986,0.155999
2.063984,0.2579979,0.09579974
2.063984,0.3439972,0.05920477
2.063984,0.4299966,0.05317888
2.063984,0.5159959,0.07764459
2.063984,0.6019952,0.125851
2.063984,0.6879945,0.1866964
2.063984,0.7739938,0.2490033
2.063984,0.8599931,0.3077699
2.063984,0.9459924,0.371524
2.063984,1.031992,0.4486374
2.063984,1.117991,0.5335939
2.063984,1.20399,0.6137137
2.063984,1.28999,0.6756327
2.063984,1.375989,0.7098275
2.063984,1.461989,0.7131894
2.063984,1.547988,0.6896425
2.063984,1.633987,0.6488096
2.063984,1.719987,0.6027231
2.063984,1.805986,0.5605849
2.063984,1.891985,0.5221063
2.063984,1.977985,0.4818344
2.063984,2.063984,0.4404211
2.063984,2.149983,0.4019477
2.063984,2.235983,0.3711536
2.063984,2.321982,0.3515096
2.063984,2.407981,0.3440632
2.063984,2.49398,0.3470606
2.063984,2.57998,0.3563445
2.063984,2.665979,0.3665253
2.063984,2.751978,0.3729289
2.063984,2.837977,0.3743181
2.063984,2.923977,0.3706888
2.063984,3.009976,0.3503653
2.063984,3.095975,0.3103696
2.063984,3.181974,0.2575949
2.063984,3.267974,0.2034577
2.063984,3.353973,0.1597322
2.063984,3.439972,0.135559
2.063984,3.525971,0.1356353
2.063984,3.611971,0.1595821
2.063984,3.69797,0.2024901
2.063984,3.783969,0.2566446
2.063984,3.869968,0.3145063
2.063984,3.955968,0.3748253
2.063984,4.041967,0.4379022
2.063984,4.127966,0.4984189
2.063984,4.213966,0.5490915
2.063984,4.299965,0.5839117
2.063984,4.385965,0.6002091
2.063984,4.471964,0.599533
2.063984,4.557964,0.5873588
2.063984,4.643963,0.5716131
2.063984,4.729963,0.5600222
2.063984,4.815962,0.5562811
2.063984,4.901962,0.5571046
2.063984,4.987961,0.5656344
2.149983,0,0.3161021
2.149983,0.08599931,0.2387023
2.149983,0.1719986,0.1611389
2.149983,0.2579979,0.09873049
2.149983,0.3439972,0.0641104
2.149983,0.4299966,0.06355334
2.149983,0.5159959,0.09548327
2.149983,0.6019952,0.1511631
2.149983,0.6879945,0.2175663
2.149983,0.7739938,0.2824283
2.149983,0.8599931,0.3414969
2.149983,0.9459924,0.4056699
2.149983,1.031992,0.4839554
2.149983,1.117991,0.5699521
2.149983,1.20399,0.6495665
2.149983,1.28999,0.7081615
2.149983,1.375989,0.735525
2.149983,1.461989,0.728657
2.149983,1.547988,0.6923752
2.149983,1.633987,0.6377386
2.149983,1.719987,0.5782906
2.149983,1.805986,0.5241205
2.149983,1.891985,0.474455
2.149983,1.977985,0.4240104
2.149983,2.063984,0.3751993
2.149983,2.149983,0.3336929
2.149983,2.235983,0.3051014
2.149983,2.321982,0.2927639
2.149983,2.407981,0.2965402
2.149983,2.49398,0.3126058
2.149983,2.57998,0.3342507
2.149983,2.665979,0.3536797
2.149983,2.751978,0.3648178
2.149983,2.837977,0.3671153
2.149983,2.923977,0.3636988
2.149983,3.009976,0.3446947
2.149983,3.095975,0.3076652
2.149983,3.181974,0.2595119
2.149983,3.267974,0.2112667
2.149983,3.353973,0.1740638
2.149983,3.439972,0.1562884
2.149983,3.525971,0.1619044
2.149983,3.611971,0.1899608
2.149983,3.69797,0.2352759
2.149983,3.783969,0.2903013
2.149983,3.869968,0.3482223
2.149983,3.955968,0.4082032
2.149983,4.041967,0.4700487
2.149983,4.127966,0.5282293
2.149983,4.213966,0.5755609
2.149983,4.299965,0.6063568
2.149983,4.385965,0.6183991
2.149983,4.471964,0.6137323
2.149983,4.557964,0.5982782
2.149983,4.643963,0.5802724
2.149983,4.729963,0.5675226
2.149983,4.815962,0.5634875
2.149983,4.901962,0.5644679
2.149983,4.987961,0.574451
2.235983,0,0.3330594
2.235983,0.08599931,0.2521349
2.235983,0.1719986,0.1737744
2.235983,0.2579979,0.1136409
2.235983,0.3439972,0.08411051
2.235983,0.4299966,0.0906073
2.235983,0.5159959,0.1302491
2.235983,0.6019952,0.1928044
2.235983,0.6879945,0.2639604
2.235983,0.7739938,0.3309005
2.235983,0.8599931,0.3902031
2.235983,0.9459924,0.4542733
2.235983,1.031992,0.5317998
2.235983,1.117991,0.6155531
2.235983,1.20399,0.6907237
2.235983,1.28999,0.7423368
2.235983,1.375989,0.7603559
2.235983,1.461989,0.7424783
2.235983,1.547988,0.6946159
2.235983,1.633987,0.6290674
2.235983,1.719987,0.560379
2.235983,1.805986,0.4988946
2.235983,1.891985,0.4428957
2.235983,1.977985,0.3872544
2.235983,2.063984,0.3359177
2.235983,2.149983,0.2955978
2.235983,2.235983,0.2722158
2.235983,2.321982,0.2686313
2.235983,2.407981,0.2835028
2.235983,2.49398,0.311282
2.235983,2.57998,0.34334
2.235983,2.665979,0.3702256
2.235983,2.751978,0.3850576
2.235983,2.837977,0.3880472
2.235983,2.923977,0.3847753
2.235983,3.009976,0.3666665
2.235983,3.095975,0.3316501
2.235983,3.181974,0.2866332
2.235983,3.267974,0.2423865
2.235983,3.353973,0.2096104
2.235983,3.439972,0.1961768
2.235983,3.525971,0.2055523
2.235983,3.611971,0.2363978
2.235983,3.69797,0.2833466
2.235983,3.783969,0.338963
2.235983,3.869968,0.3969109
2.235983,3.955968,0.4560037
2.235983,4.041967,0.5146158
2.235983,4.127966,0.5666621
2.235983,4.213966,0.605221
2.235983,4.299965,0.6254492
2.235983,4.385965,0.6263184
2.235983,4.471964,0.6111722
2.235983,4.557964,0.5871055
2.235983,4.643963,0.5631652
2.235983,4.729963,0.5473721
2.235983,4.815962,0.5425649
2.235983,4.901962,0.5436715
2.235983,4.987961,0.5549622
2.321982,0,0.3413696
2.321982,0.08599931,0.2618636
2.321982,0.1719986,0.187416
2.321982,0.2579979,0.1334794
2.321982,0.3439972,0.111763
2.321982,0.4299966,0.1267
2.321982,0.5159959,0.1742704
2.321982,0.6019952,0.2431781
2.321982,0.6879945,0.3183825
2.321982,0.7739938,0.3869836
2.321982,0.8599931,0.4464616
2.321982,0.9459924,0.5100836
2.321982,1.031992,0.5856268
2.321982,1.117991,0.6651888
2.321982,1.20399,0.7338262
2.321982,1.28999,0.7769179
2.321982,1.375989,0.7851754
2.321982,1.461989,0.7572997
2.321982,1.547988,0.700282
2.321982,1.633987,0.6273503
2.321982,1.719987,0.5535626
2.321982,1.805986,0.4890452
2.321982,1.891985,0.4309549
2.321982,1.977985,0.3743594
2.321982,2.063984,0.3244431
2.321982,2.149983,0.2884535
2.321982,2.235983,0.2721675
2.321982,2.321982,0.2777367
2.321982,2.407981,0.3027058
2.321982,2.49398,0.3402084
2.321982,2.57998,0.3803393
2.321982,2.665979,0.4127009
2.321982,2.751978,0.4301284
2.321982,2.837977,0.433588
2.321982,2.923977,0.4303718
2.321982,3.009976,0.4126087
2.321982,3.095975,0.3783693
2.321982,3.181974,0.3345631
2.321982,3.267974,0.2918598
2.321982,3.353973,0.2607924
2.321982,3.439972,0.2490348
2.321982,3.525971,0.2598616
2.321982,3.611971,0.2917836
2.321982,3.69797,0.3393629
2.321982,3.783969,0.3952075
2.321982,3.869968,0.4531466
2.321982,3.955968,0.5109412
2.321982,4.041967,0.5648263
2.321982,4.127966,0.6079051
2.321982,4.213966,0.6336393
2.321982,4.299965,0.638419
2.321982,4.385965,0.6229545
2.321982,4.471964,0.5924888
2.321982,4.557964,0.5558316
2.321982,4.643963,0.5232156
2.321982,4.729963,0.5029737
2.321982,4.815962,0.4970378
2.321982,4.901962,0.4982566
2.321982,4.987961,0.5108575
2.407981,0,0.3436329
2.407981,0.08599931,0.2678999
2.407981,0.1719986,0.1995995
2.407981,0.2579979,0.1537067
2.407981,0.3439972,0.1410673
2.407981,0.4299966,0.1650591
2.407981,0.5159959,0.220609
2.407981,0.6019952,0.2955672
2.407981,0.6879945,0.3744377
2.407981,0.7739938,0.4444631
2.407981,0.8599931,0.5040581
2.407981,0.9459924,0.5670792
2.407981,1.031992,0.6402021
2.407981,1.117991,0.7149699
2.407981,1.20399,0.7765754
2.407981,1.28999,0.8110364
2.407981,1.375989,0.810015
2.407981,1.461989,0.7732819
2.407981,1.547988,0.7088233
2.407981,1.633987,0.6305905
2.407981,1.719987,0.5538966
2.407981,1.805986,0.4884536
2.407981,1.891985,0.4302968
2.407981,1.977985,0.3747227
2.407981,2.063984,0.3279684
2.407981,2.149983,0.2975663
2.407981,2.235983,0.2889513
2.407981,2.321982,0.3034945
2.407981,2.407981,0.3377132
2.407981,2.49398,0.3836615
2.407981,2.57998,0.4305006
2.407981,2.665979,0.4672457
2.407981,2.751978,0.486695
2.407981,2.837977,0.4905347
2.407981,2.923977,0.4873569
2.407981,3.009976,0.4696738
2.407981,3.095975,0.435571
2.407981,3.181974,0.391951
2.407981,3.267974,0.3494633
2.407981,3.353973,0.3186145
2.407981,3.439972,0.3070526
2.407981,3.525971,0.318031
2.407981,3.611971,0.3500486
2.407981,3.69797,0.3976665
2.407981,3.783969,0.4535042
2.407981,3.869968,0.5113854
2.407981,3.955968,0.5676851
2.407981,4.041967,0.6162062
2.407981,4.127966,0.6491358
2.407981,4.213966,0.6603681
2.407981,4.299965,0.6476852
2.407981,4.385965,0.6137592
2.407981,4.471964,0.5659764
2.407981,4.557964,0.5150816
2.407981,4.643963,0.4726458
2.407981,4.729963,0.4473537
2.407981,4.815962,0.4401141
2.407981,4.901962,0.4414122
2.407981,4.987961,0.4553326
2.49398,0,0.3454227
2.49398,0.08599931,0.2734107
2.49398,0.1719986,0.2109497
2.49398,0.2579979,0.1724518
2.49398,0.3439972,0.1678803
2.49398,0.4299966,0.1996157
2.49398,0.5159959,0.26166
2.49398,0.6019952,0.3411805
2.49398,0.6879945,0.4223914
2.49398,0.7739938,0.4927722
2.49398,0.8599931,0.5516096
2.49398,0.9459924,0.6132835
2.49398,1.031992,0.6836184
2.49398,1.117991,0.7538127
2.49398,1.20399,0.8092817
2.49398,1.28999,0.8366342
2.49398,1.375989,0.8283102
2.49398,1.461989,0.7848807
2.49398,1.547988,0.7150091
2.49398,1.633987,0.6330734
2.49398,1.719987,0.5544517
2.49398,1.805986,0.4884678
2.49398,1.891985,0.4303462
2.49398,1.977985,0.3755457
2.49398,2.063984,0.3310744
2.49398,2.149983,0.3047514
2.49398,2.235983,0.301863
2.49398,2.321982,0.3232913
2.49398,2.407981,0.3648398
2.49398,2.49398,0.417754
2.49398,2.57998,0.4704424
2.49398,2.665979,0.5113904
2.49398,2.751978,0.5332754
2.49398,2.837977,0.5382738
2.49398,2.923977,0.536113
2.49398,3.009976,0.5200942
2.49398,3.095975,0.4884619
2.49398,3.181974,0.4479107
2.49398,3.267974,0.4086947
2.49398,3.353973,0.3808818
2.49398,3.439972,0.3717467
2.49398,3.525971,0.384307
2.49398,3.611971,0.4170004
2.49398,3.69797,0.4645022
2.49398,3.783969,0.5196872
2.49398,3.869968,0.5766762
2.49398,3.955968,0.6307808
2.49398,4.041967,0.6736323
2.49398,4.127966,0.6965957
2.49398,4.213966,0.6939533
2.49398,4.299965,0.664737
2.49398,4.385965,0.6133809
2.49398,4.471964,0.5491955
2.49398,4.557964,0.4846633
2.49398,4.643963,0.4325569
2.49398,4.729963,0.4018771
2.49398,4.815962,0.3926141
2.49398,4.901962,0.3931233
2.49398,4.987961,0.407322
2.57998,0,0.3470924
2.57998,0.08599931,0.2783446
2.57998,0.1719986,0.2206704
2.57998,0.2579979,0.1877531
2.57998,0.3439972,0.1886549
2.57998,0.4299966,0.2249077
2.57998,0.5159959,0.2898839
2.57998,0.6019952,0.3704463
2.57998,0.6879945,0.450878
2.57998,0.7739938,0.5190886
2.57998,0.8599931,0.5750827
2.57998,0.9459924,0.6336406
2.57998,1.031992,0.7003559
2.57998,1.117991,0.7665636
2.57998,1.20399,0.8180714
2.57998,1.28999,0.8419277
2.57998,1.375989,0.8309128
2.57998,1.461989,0.7857504
2.57998,1.547988,0.7150387
2.57998,1.633987,0.6329033
2.57998,1.719987,0.5543711
2.57998,1.805986,0.4884646
2.57998,1.891985,0.4303359
2.57998,1.977985,0.3754397
2.57998,2.063984,0.33091
2.57998,2.149983,0.304893
2.57998,2.235983,0.3030156
2.57998,2.321982,0.3263789
2.57998,2.407981,0.3708062
2.57998,2.49398,0.427347
2.57998,2.57998,0.4840393
2.57998,2.665979,0.5289246
2.57998,2.751978,0.5543224
2.57998,2.837977,0.5623568
2.57998,2.923977,0.5635211
2.57998,3.009976,0.5527672
2.57998,3.095975,0.5287675
2.57998,3.181974,0.4975265
2.57998,3.267974,0.4680608
2.57998,3.353973,0.4491038
2.57998,3.439972,0.4468324
2.57998,3.525971,0.4636177
2.57998,3.611971,0.4977989
2.57998,3.69797,0.544479
2.57998,3.783969,0.5973467
2.57998,3.869968,0.6514435
2.57998,3.955968,0.701795
2.57998,4.041967,0.7386667
2.57998,4.127966,0.7528964
2.57998,4.213966,0.7390154
2.57998,4.299965,0.6968567
2.57998,4.385965,0.6319833
2.57998,4.471964,0.5549392
2.57998,4.557964,0.4793206
2.57998,4.643963,0.4186701
2.57998,4.729963,0.3821911
2.57998,4.815962,0.3692849
2.57998,4.901962,0.3669319
2.57998,4.987961,0.378911
2.665979,0,0.3486191
2.665979,0.08599931,0.2825905
2.665979,0.1719986,0.228448
2.665979,0.2579979,0.198948
2.665979,0.3439972,0.2022292
2.665979,0.4299966,0.2391527
2.665979,0.5159959,0.3028128
2.665979,0.6019952,0.3802195
2.665979,0.6879945,0.456152
2.665979,0.7739938,0.5191811
2.665979,0.8599931,0.5698448
2.665979,0.9459924,0.6231782
2.665979,1.031992,0.6852817
2.665979,1.117991,0.748203
2.665979,1.20399,0.7983432
2.665979,1.28999,0.8230104
2.665979,1.375989,0.814804
2.665979,1.461989,0.773827
2.665979,1.547988,0.7077277
2.665979,1.633987,0.6295697
2.665979,1.719987,0.5535325
2.665979,1.805986,0.4884406
2.665979,1.891985,0.4302545
2.665979,1.977985,0.3742259
2.665979,2.063984,0.326846
2.665979,2.149983,0.296636
2.665979,2.235983,0.2901473
2.665979,2.321982,0.3095427
2.665979,2.407981,0.3515414
2.665979,2.49398,0.4077269
2.665979,2.57998,0.4662228
2.665979,2.665979,0.5147283
2.665979,2.751978,0.5449234
2.665979,2.837977,0.5582324
2.665979,2.923977,0.5654104
2.665979,3.009976,0.5638185
2.665979,3.095975,0.5527157
2.665979,3.181974,0.5368398
2.665979,3.267974,0.5230805
2.665979,3.353973,0.5179609
2.665979,3.439972,0.5259231
2.665979,3.525971,0.548422
2.665979,3.611971,0.5838256
2.665979,3.69797,0.6281201
2.665979,3.783969,0.6764244
2.665979,3.869968,0.7252275
2.665979,3.955968,0.7701248
2.665979,4.041967,0.8012171
2.665979,4.127966,0.8092652
2.665979,4.213966,0.7888368
2.665979,4.299965,0.7398816
2.665979,4.385965,0.6681279
2.665979,4.471964,0.5842997
2.665979,4.557964,0.5021558
2.665979,4.643963,0.4353513
2.665979,4.729963,0.3931194
2.665979,4.815962,0.3747751
2.665979,4.901962,0.3670895
2.665979,4.987961,0.3738706
2.751978,0,0.3500188
2.751978,0.08599931,0.2862257
2.751978,0.1719986,0.2345006
2.751978,0.2579979,0.2064974
2.751978,0.3439972,0.2094116
2.751978,0.4299966,0.2435908
2.751978,0.5159959,0.3021637
2.751978,0.6019952,0.3726882
2.751978,0.6879945,0.4408194
2.751978,0.7739938,0.4959936
2.751978,0.8599931,0.5391191
2.751978,0.9459924,0.5853555
2.751978,1.031992,0.641967
2.751978,1.117991,0.7022233
2.751978,1.20399,0.7532983
2.751978,1.28999,0.7826
2.751978,1.375989,0.782084
2.751978,1.461989,0.7505466
2.751978,1.547988,0.6939001
2.751978,1.633987,0.6234277
2.751978,1.719987,0.552021
2.751978,1.805986,0.4883983
2.751978,1.891985,0.4301098
2.751978,1.977985,0.3720286
2.751978,2.063984,0.3193201
2.751978,2.149983,0.2809232
2.751978,2.235983,0.2648317
2.751978,2.321982,0.2750192
2.751978,2.407981,0.3098777
2.751978,2.49398,0.3621732
2.751978,2.57998,0.4205191
2.751978,2.665979,0.4723635
2.751978,2.751978,0.5084961
2.751978,2.837977,0.5290673
2.751978,2.923977,0.5445658
2.751978,3.009976,0.555103
2.751978,3.095975,0.5604627
2.751978,3.181974,0.5636004
2.751978,3.267974,0.5686343
2.751978,3.353973,0.5793377
2.751978,3.439972,0.5981351
2.751978,3.525971,0.6255997
2.751978,3.611971,0.6604549
2.751978,3.69797,0.7000761
2.751978,3.783969,0.7414976
2.751978,3.869968,0.7828542
2.751978,3.955968,0.8209823
2.751978,4.041967,0.847183
2.751978,4.127966,0.8526618
2.751978,4.213966,0.8317763
2.751978,4.299965,0.783801
2.751978,4.385965,0.7135118
2.751978,4.471964,0.6305926
2.751978,4.557964,0.5478634
2.751978,4.643963,0.4783298
2.751978,4.729963,0.431054
2.751978,4.815962,0.4058476
2.751978,4.901962,0.3906383
2.751978,4.987961,0.3895771
2.837977,0,0.3513352
2.837977,0.08599931,0.2894599
2.837977,0.1719986,0.2394205
2.837977,0.2579979,0.2116527
2.837977,0.3439972,0.2123961
2.837977,0.4299966,0.2415882
2.837977,0.5159959,0.2925971
2.837977,0.6019952,0.353792
2.837977,0.6879945,0.4119528
2.837977,0.7739938,0.4575164
2.837977,0.8599931,0.4916536
2.837977,0.9459924,0.5295637
2.837977,1.031992,0.5801046
2.837977,1.117991,0.6381041
2.837977,1.20399,0.6916261
2.837977,1.28999,0.7280737
2.837977,1.375989,0.7384542
2.837977,1.461989,0.7198072
2.837977,1.547988,0.6757925
2.837977,1.633987,0.6154411
2.837977,1.719987,0.5500675
2.837977,1.805986,0.488344
2.837977,1.891985,0.4299237
2.837977,1.977985,0.3691854
2.837977,2.063984,0.3095206
2.837977,2.149983,0.2603135
2.837977,2.235983,0.2313411
2.837977,2.321982,0.228879
2.837977,2.407981,0.253503
2.837977,2.49398,0.2995869
2.837977,2.57998,0.3565
2.837977,2.665979,0.4114985
2.837977,2.751978,0.4543177
2.837977,2.837977,0.4834562
2.837977,2.923977,0.508693
2.837977,3.009976,0.5327036
2.837977,3.095975,0.5555094
2.837977,3.181974,0.5779412
2.837977,3.267974,0.6010978
2.837977,3.353973,0.6259418
2.837977,3.439972,0.6530402
2.837977,3.525971,0.6824428
2.837977,3.611971,0.713705
2.837977,3.69797,0.7460482
2.837977,3.783969,0.7786648
2.837977,3.869968,0.8111358
2.837977,3.955968,0.8418698
2.837977,4.041967,0.8646322
2.837977,4.127966,0.8715646
2.837977,4.213966,0.8565826
2.837977,4.299965,0.8175378
2.837977,4.385965,0.7572002
2.837977,4.471964,0.6830628
2.837977,4.557964,0.605967
2.837977,4.643963,0.5375503
2.837977,4.729963,0.4865152
2.837977,4.815962,0.4537193
2.837977,4.901962,0.4295496
2.837977,4.987961,0.4189095
2.923977,0,0.3526276
2.923977,0.08599931,0.2925791
2.923977,0.1719986,0.2440159
2.923977,0.2579979,0.2161223
2.923977,0.3439972,0.2141783
2.923977,0.4299966,0.237741
2.923977,0.5159959,0.2804765
2.923977,0.6019952,0.3316408
2.923977,0.6879945,0.3792104
2.923977,0.7739938,0.4146602
2.923977,0.8599931,0.439394
2.923977,0.9459924,0.4686255
2.923977,1.031992,0.5129304
2.923977,1.117991,0.56879
2.923977,1.20399,0.6251922
2.923977,1.28999,0.6695046
2.923977,1.375989,0.6917
2.923977,1.461989,0.6869316
2.923977,1.547988,0.6564593
2.923977,1.633987,0.6069264
2.923977,1.719987,0.5479874
2.923977,1.805986,0.4882861
2.923977,1.891985,0.4297258
2.923977,1.977985,0.3661572
2.923977,2.063984,0.29907
2.923977,2.149983,0.2383015
2.923977,2.235983,0.1955092
2.923977,2.321982,0.1794121
2.923977,2.407981,0.1929152
2.923977,2.49398,0.2321226
2.923977,2.57998,0.2872356
2.923977,2.665979,0.3453353
2.923977,2.751978,0.3950554
2.923977,2.837977,0.433135
2.923977,2.923977,0.4683715
2.923977,3.009976,0.5053444
2.923977,3.095975,0.5438625
2.923977,3.181974,0.5825287
2.923977,3.267974,0.6196128
2.923977,3.353973,0.6536838
2.923977,3.439972,0.6840107
2.923977,3.525971,0.7107205
2.923977,3.611971,0.7347254
2.923977,3.69797,0.7574092
2.923977,3.783969,0.7800787
2.923977,3.869968,0.803214
2.923977,3.955968,0.8267295
2.923977,4.041967,0.8477609
2.923977,4.127966,0.8597485
2.923977,4.213966,0.8559946
2.923977,4.299965,0.832377
2.923977,4.385965,0.788883
2.923977,4.471964,0.7299663
2.923977,4.557964,0.6637238
2.923977,4.643963,0.5998952
2.923977,4.729963,0.5466838
2.923977,4.815962,0.5063984
2.923977,4.901962,0.4728606
2.923977,4.987961,0.4521444
3.009976,0,0.3539599
3.009976,0.08599931,0.2958905
3.009976,0.1719986,0.2491539
3.009976,0.2579979,0.2217388
3.009976,0.3439972,0.2179714
3.009976,0.4299966,0.2369791
3.009976,0.5159959,0.2726277
3.009976,0.6019952,0.3149339
3.009976,0.6879945,0.352951
3.009976,0.7739938,0.3791284
3.009976,0.8599931,0.3951533
3.009976,0.9459924,0.4162953
3.009976,1.031992,0.4546412
3.009976,1.117991,0.5081654
3.009976,1.20399,0.5667232
3.009976,1.28999,0.6176977
3.009976,1.375989,0.650172
3.009976,1.461989,0.6576291
3.009976,1.547988,0.6391762
3.009976,1.633987,0.5992953
3.009976,1.719987,0.5461191
3.009976,1.805986,0.4882341
3.009976,1.891985,0.4295476
3.009976,1.977985,0.3634385
3.009976,2.063984,0.2897085
3.009976,2.149983,0.2186353
3.009976,2.235983,0.1635935
3.009976,2.321982,0.1355099
3.009976,2.407981,0.1393746
3.009976,2.49398,0.1728177
3.009976,2.57998,0.2267449
3.009976,2.665979,0.2880343
3.009976,2.751978,0.3442966
3.009976,2.837977,0.3906921
3.009976,2.923977,0.4349952
3.009976,3.009976,0.4827126
3.009976,3.095975,0.532934
3.009976,3.181974,0.5821883
3.009976,3.267974,0.6264938
3.009976,3.353973,0.6628184
3.009976,3.439972,0.689957
3.009976,3.525971,0.7088171
3.009976,3.611971,0.722122
3.009976,3.69797,0.733523
3.009976,3.783969,0.7461276
3.009976,3.869968,0.7605504
3.009976,3.955968,0.7777693
3.009976,4.041967,0.7986399
3.009976,4.127966,0.8180553
3.009976,4.213966,0.8286316
3.009976,4.299965,0.8240395
3.009976,4.385965,0.8011552
3.009976,4.471964,0.7610333
3.009976,4.557964,0.7087018
3.009976,4.643963,0.6517788
3.009976,4.729963,0.5979088
3.009976,4.815962,0.5510235
3.009976,4.901962,0.5088125
3.009976,4.987961,0.4788519
3.095975,0,0.3553888
3.095975,0.08599931,0.299666
3.095975,0.1719986,0.2556028
3.095975,0.2579979,0.2301256
3.095975,0.3439972,0.226622
3.095975,0.4299966,0.2436698
3.095975,0.5159959,0.2750974
3.095975,0.6019952,0.3113773
3.095975,0.6879945,0.3423516
3.095975,0.7739938,0.3612881
3.095975,0.8599931,0.370282
3.095975,0.9459924,0.3847572
3.095975,1.031992,0.4178131
3.095975,1.117991,0.4685296
3.095975,1.20399,0.5274934
3.095975,1.28999,0.5822241
3.095975,1.375989,0.6212674
3.095975,1.461989,0.6369573
3.095975,1.547988,0.6268455
3.095975,1.633987,0.5937983
3.095975,1.719987,0.5447621
3.095975,1.805986,0.488196
3.095975,1.891985,0.4294175
3.095975,1.977985,0.3614672
3.095975,2.063984,0.2829778
3.095975,2.149983,0.204635
3.095975,2.235983,0.141137
3.095975,2.321982,0.105049
3.095975,2.407981,0.1028558
3.095975,2.49398,0.1332207
3.095975,2.57998,0.1874467
3.095975,2.665979,0.2521397
3.095975,2.751978,0.3140777
3.095975,2.837977,0.3672787
3.095975,2.923977,0.4186997
3.095975,3.009976,0.473694
3.095975,3.095975,0.5301828
3.095975,3.181974,0.5830044
3.095975,3.267974,0.62677
3.095975,3.353973,0.6578437
3.095975,3.439972,0.6754561
3.095975,3.525971,0.6819431
3.095975,3.611971,0.682116
3.095975,3.69797,0.6817603
3.095975,3.783969,0.6852619
3.095975,3.869968,0.6925572
3.095975,3.955968,0.7049584
3.095975,4.041967,0.7267404
3.095975,4.127966,0.7541519
3.095975,4.213966,0.7791693
3.095975,4.299965,0.7934018
3.095975,4.385965,0.7908211
3.095975,4.471964,0.7693083
3.095975,4.557964,0.7310265
3.095975,4.643963,0.681612
3.095975,4.729963,0.6281886
3.095975,4.815962,0.5762026
3.095975,4.901962,0.5269884
3.095975,4.987961,0.489793
3.181974,0,0.3569519
3.181974,0.08599931,0.3040867
3.181974,0.1719986,0.2638742
3.181974,0.2579979,0.2423639
3.181974,0.3439972,0.2420259
3.181974,0.4299966,0.2607218
3.181974,0.5159959,0.2919127
3.181974,0.6019952,0.3261035
3.181974,0.6879945,0.3535239
3.181974,0.7739938,0.368044
3.181974,0.8599931,0.3723395
3.181974,0.9459924,0.3821259
3.181974,1.031992,0.4108221
3.181974,1.117991,0.4580743
3.181974,1.20399,0.5150114
3.181974,1.28999,0.5694586
3.181974,1.375989,0.6099131
3.181974,1.461989,0.6282846
3.181974,1.547988,0.6213996
3.181974,1.633987,0.5912685
3.181974,1.719987,0.5441161
3.181974,1.805986,0.4881773
3.181974,1.891985,0.4293542
3.181974,1.977985,0.3605348
3.181974,2.063984,0.2799047
3.181974,2.149983,0.198512
3.181974,2.235983,0.1318312
3.181974,2.321982,0.09327532
3.181974,2.407981,0.09000209
3.181974,2.49398,0.1210235
3.181974,2.57998,0.1776122
3.181974,2.665979,0.2460059
3.181974,2.751978,0.3124148
3.181974,2.837977,0.3703217
3.181974,2.923977,0.4262787
3.181974,3.009976,0.4845202
3.181974,3.095975,0.5414966
3.181974,3.181974,0.5908948
3.181974,3.267974,0.6268615
3.181974,3.353973,0.6461605
3.181974,3.439972,0.6492701
3.181974,3.525971,0.6404153
3.181974,3.611971,0.6265386
3.181974,3.69797,0.6152095
3.181974,3.783969,0.611468
3.181974,3.869968,0.6138722
3.181974,3.955968,0.6231995
3.181974,4.041967,0.6462442
3.181974,4.127966,0.6802816
3.181974,4.213966,0.7168034
3.181974,4.299965,0.745859
3.181974,4.385965,0.7592207
3.181974,4.471964,0.7523677
3.181974,4.557964,0.7252941
3.181974,4.643963,0.6821364
3.181974,4.729963,0.6296238
3.181974,4.815962,0.5743495
3.181974,4.901962,0.5204509
3.181974,4.987961,0.4788142
3.267974,0,0.3586563
3.267974,0.08599931,0.3091872
3.267974,0.1719986,0.2740653
3.267974,0.2579979,0.2586595
3.267974,0.3439972,0.2645439
3.267974,0.4299966,0.2886887
3.267974,0.5159959,0.3238399
3.267974,0.6019952,0.3600891
3.267974,0.6879945,0.3876308
3.267974,0.7739938,0.40071
3.267974,0.8599931,0.4027643
3.267974,0.9459924,0.4099453
3.267974,1.031992,0.4352621
3.267974,1.117991,0.4783582
3.267974,1.20399,0.530706
3.267974,1.28999,0.5806141
3.267974,1.375989,0.6170463
3.267974,1.461989,0.6322519
3.267974,1.547988,0.6232067
3.267974,1.633987,0.5918643
3.267974,1.719987,0.5442191
3.267974,1.805986,0.4881791
3.267974,1.891985,0.4293611
3.267974,1.977985,0.3606969
3.267974,2.063984,0.2806844
3.267974,2.149983,0.2006872
3.267974,2.235983,0.1363789
3.267974,2.321982,0.1011871
3.267974,2.407981,0.1020776
3.267974,2.49398,0.1376897
3.267974,2.57998,0.1988151
3.267974,2.665979,0.2712228
3.267974,2.751978,0.3408335
3.267974,2.837977,0.4012345
3.267974,2.923977,0.4590874
3.267974,3.009976,0.5168262
3.267974,3.095975,0.5693151
3.267974,3.181974,0.6096599
3.267974,3.267974,0.6323923
3.267974,3.353973,0.6354924
3.267974,3.439972,0.6212577
3.267974,3.525971,0.5960128
3.267974,3.611971,0.5686623
3.267974,3.69797,0.5480889
3.267974,3.783969,0.5393898
3.267974,3.869968,0.5392802
3.267974,3.955968,0.5471743
3.267974,4.041967,0.5711386
3.267974,4.127966,0.6090056
3.267974,4.213966,0.6520035
3.267974,4.299965,0.6893357
3.267974,4.385965,0.7115813
3.267974,4.471964,0.7129166
3.267974,4.557964,0.6921585
3.267974,4.643963,0.6526299
3.267974,4.729963,0.6008461
3.267974,4.815962,0.5440223
3.267974,4.901962,0.4878797
3.267974,4.987961,0.4447446
3.353973,0,0.360467
3.353973,0.08599931,0.3147993
3.353973,0.1719986,0.2857017
3.353973,0.2579979,0.2780095
3.353973,0.3439972,0.2924175
3.353973,0.4299966,0.3248726
3.353973,0.5159959,0.3671441
3.353973,0.6019952,0.4085739
3.353973,0.6879945,0.4390041
3.353973,0.7739938,0.4528824
3.353973,0.8599931,0.4545454
3.353973,0.9459924,0.4606898
3.353973,1.031992,0.4833649
3.353973,1.117991,0.5217844
3.353973,1.20399,0.5676136
3.353973,1.28999,0.6097788
3.353973,1.375989,0.6380981
3.353973,1.461989,0.6457353
3.353973,1.547988,0.630474
3.353973,1.633987,0.5948133
3.353973,1.719987,0.5448859
3.353973,1.805986,0.4881964
3.353973,1.891985,0.429421
3.353973,1.977985,0.3616831
3.353973,2.063984,0.2843649
3.353973,2.149983,0.2091096
3.353973,2.235983,0.1513561
3.353973,2.321982,0.1239191
3.353973,2.407981,0.1329214
3.353973,2.49398,0.1760859
3.353973,2.57998,0.2433847
3.353973,2.665979,0.3200421
3.353973,2.751978,0.3918992
3.353973,2.837977,0.453129
3.353973,2.923977,0.5109346
3.353973,3.009976,0.5656217
3.353973,3.095975,0.610494
3.353973,3.181974,0.6385079
3.353973,3.267974,0.6451387
3.353973,3.353973,0.630065
3.353973,3.439972,0.5976768
3.353973,3.525971,0.5564043
3.353973,3.611971,0.5168679
3.353973,3.69797,0.4888523
3.353973,3.783969,0.4770975
3.353973,3.869968,0.4762752
3.353973,3.955968,0.483863
3.353973,4.041967,0.5080937
3.353973,4.127966,0.5469352
3.353973,4.213966,0.5915519
3.353973,4.299965,0.6309414
3.353973,4.385965,0.6553919
3.353973,4.471964,0.6587628
3.353973,4.557964,0.6395845
3.353973,4.643963,0.6009818
3.353973,4.729963,0.5494179
3.353973,4.815962,0.4922595
3.353973,4.901962,0.4357091
3.353973,4.987961,0.3932911
3.439972,0,0.3622427
3.439972,0.08599931,0.3203534
3.439972,0.1719986,0.2973248
3.439972,0.2579979,0.297519
3.439972,0.3439972,0.3207874
3.439972,0.4299966,0.3620533
3.439972,0.5159959,0.4120715
3.439972,0.6019952,0.4593673
3.439972,0.6879945,0.4933541
3.439972,0.7739938,0.5086275
3.439972,0.8599931,0.5104291
3.439972,0.9459924,0.5160115
3.439972,1.031992,0.5363449
3.439972,1.117991,0.5701098
3.439972,1.20399,0.6091158
3.439972,1.28999,0.6429217
3.439972,1.375989,0.6622778
3.439972,1.461989,0.6613898
3.439972,1.547988,0.6390038
3.439972,1.633987,0.5983129
3.439972,1.719987,0.545686
3.439972,1.805986,0.4882173
3.439972,1.891985,0.4294935
3.439972,1.977985,0.3628638
3.439972,2.063984,0.2887226
3.439972,2.149983,0.2189727
3.439972,2.235983,0.1687057
3.439972,2.321982,0.1499704
3.439972,2.407981,0.1678949
3.439972,2.49398,0.2191677
3.439972,2.57998,0.2928755
3.439972,2.665979,0.3736962
3.439972,2.751978,0.4474529
3.439972,2.837977,0.5090175
3.439972,2.923977,0.5662438
3.439972,3.009976,0.617321
3.439972,3.095975,0.6540564
3.439972,3.181974,0.6693614
3.439972,3.267974,0.6597477
3.439972,3.353973,0.6266391
3.439972,3.439972,0.5765021
3.439972,3.525971,0.5197954
3.439972,3.611971,0.4687344
3.439972,3.69797,0.4338781
3.439972,3.783969,0.4195282
3.439972,3.869968,0.4183405
3.439972,3.955968,0.4257038
3.439972,4.041967,0.4496151
3.439972,4.127966,0.4880567
3.439972,4.213966,0.5322465
3.439972,4.299965,0.571247
3.439972,4.385965,0.5954024
3.439972,4.471964,0.5986055
3.439972,4.557964,0.5793923
3.439972,4.643963,0.5408655
3.439972,4.729963,0.489448
3.439972,4.815962,0.4324631
3.439972,4.901962,0.3762052
3.439972,4.987961,0.3352303
3.525971,0,0.363516
3.525971,0.08599931,0.3243361
3.525971,0.1719986,0.30566
3.525971,0.2579979,0.3115102
3.525971,0.3439972,0.3411337
3.525971,0.4299966,0.3887196
3.525971,0.5159959,0.444295
3.525971,0.6019952,0.4957997
3.525971,0.6879945,0.5323392
3.525971,0.7739938,0.5486149
3.525971,0.8599931,0.5505176
3.525971,0.9459924,0.5556983
3.525971,1.031992,0.5743536
3.525971,1.117991,0.6047807
3.525971,1.20399,0.6388925
3.525971,1.28999,0.6667019
3.525971,1.375989,0.6796276
3.525971,1.461989,0.6726229
3.525971,1.547988,0.6451248
3.525971,1.633987,0.6008244
3.525971,1.719987,0.5462603
3.525971,1.805986,0.4882323
3.525971,1.891985,0.4295455
3.525971,1.977985,0.3637111
3.525971,2.063984,0.2918496
3.525971,2.149983,0.2260503
3.525971,2.235983,0.181155
3.525971,2.321982,0.1686629
3.525971,2.407981,0.1929884
3.525971,2.49398,0.2500774
3.525971,2.57998,0.328382
3.525971,2.665979,0.4121881
3.525971,2.751978,0.4873058
3.525971,2.837977,0.5491091
3.525971,2.923977,0.6059259
3.525971,3.009976,0.6544079
3.525971,3.095975,0.6851574
3.525971,3.181974,0.6908827
3.525971,3.267974,0.6687071
3.525971,3.353973,0.6212617
3.525971,3.439972,0.5565656
3.525971,3.525971,0.4866949
3.525971,3.611971,0.425234
3.525971,3.69797,0.3835195
3.525971,3.783969,0.3656628
3.525971,3.869968,0.3627758
3.525971,3.955968,0.368235
3.525971,4.041967,0.3894585
3.525971,4.127966,0.4245602
3.525971,4.213966,0.4652159
3.525971,4.299965,0.5010362
3.525971,4.385965,0.5228302
3.525971,4.471964,0.5247616
3.525971,4.557964,0.5053941
3.525971,4.643963,0.4676303
3.525971,4.729963,0.4175406
3.525971,4.815962,0.3620839
3.525971,4.901962,0.3074095
3.525971,4.987961,0.2684904
3.611971,0,0.3639526
3.611971,0.08599931,0.325702
3.611971,0.1719986,0.3085185
3.611971,0.2579979,0.3163084
3.611971,0.3439972,0.3481113
3.611971,0.4299966,0.3978646
3.611971,0.5159959,0.4553459
3.611971,0.6019952,0.5082939
3.611971,0.6879945,0.5457089
3.611971,0.7739938,0.5623284
3.611971,0.8599931,0.5642658
3.611971,0.9459924,0.5693088
3.611971,1.031992,0.5873885
3.611971,1.117991,0.6166709
3.611971,1.20399,0.6491043
3.611971,1.28999,0.6748572
3.611971,1.375989,0.6855776
3.611971,1.461989,0.6764753
3.611971,1.547988,0.6472239
3.611971,1.633987,0.6016857
3.611971,1.719987,0.5464572
3.611971,1.805986,0.4882375
3.611971,1.891985,0.4295633
3.611971,1.977985,0.3640018
3.611971,2.063984,0.2929221
3.611971,2.149983,0.2284776
3.611971,2.235983,0.1854244
3.611971,2.321982,0.1750734
3.611971,2.407981,0.201594
3.611971,2.49398,0.2606777
3.611971,2.57998,0.3405587
3.611971,2.665979,0.4253887
3.611971,2.751978,0.5009732
3.611971,2.837977,0.5628583
3.611971,2.923977,0.6195774
3.611971,3.009976,0.6673111
3.611971,3.095975,0.6960047
3.611971,3.181974,0.697901
3.611971,3.267974,0.6699814
3.611971,3.353973,0.6151135
3.611971,3.439972,0.5419092
3.611971,3.525971,0.4632933
3.611971,3.611971,0.3937773
3.611971,3.69797,0.3454497
3.611971,3.783969,0.322666
3.611971,3.869968,0.3158636
3.611971,3.955968,0.316681
3.611971,4.041967,0.3314969
3.611971,4.127966,0.3587909
3.611971,4.213966,0.3913513
3.611971,4.299965,0.4200821
3.611971,4.385965,0.4368549
3.611971,4.471964,0.4364074
3.611971,4.557964,0.4172871
3.611971,4.643963,0.381842
3.611971,4.729963,0.3352565
3.611971,4.815962,0.2836332
3.611971,4.901962,0.2326781
3.611971,4.987961,0.1967185
3.69797,0,0.3635079
3.69797,0.08599931,0.3243109
3.69797,0.1719986,0.3056072
3.69797,0.2579979,0.3114215
3.69797,0.3439972,0.3410047
3.69797,0.4299966,0.3885506
3.69797,0.5159959,0.4440908
3.69797,0.6019952,0.4955688
3.69797,0.6879945,0.5320922
3.69797,0.7739938,0.5483615
3.69797,0.8599931,0.5502636
3.69797,0.9459924,0.5554469
3.69797,1.031992,0.5741127
3.69797,1.117991,0.604561
3.69797,1.20399,0.6387038
3.69797,1.28999,0.6665512
3.69797,1.375989,0.6795177
3.69797,1.461989,0.6725518
3.69797,1.547988,0.645086
3.69797,1.633987,0.6008084
3.69797,1.719987,0.5462567
3.69797,1.805986,0.4882322
3.69797,1.891985,0.4295452
3.69797,1.977985,0.3637058
3.69797,2.063984,0.2918298
3.69797,2.149983,0.2260055
3.69797,2.235983,0.1810761
3.69797,2.321982,0.1685445
3.69797,2.407981,0.1928294
3.69797,2.49398,0.2498815
3.69797,2.57998,0.3281569
3.69797,2.665979,0.4119442
3.69797,2.751978,0.4870533
3.69797,2.837977,0.548855
3.69797,2.923977,0.6058399
3.69797,3.009976,0.654989
3.69797,3.095975,0.6862566
3.69797,3.181974,0.6911448
3.69797,3.267974,0.6656359
3.69797,3.353973,0.6117066
3.69797,3.439972,0.5374247
3.69797,3.525971,0.4556328
3.69797,3.611971,0.3812101
3.69797,3.69797,0.3269248
3.69797,3.783969,0.2978613
3.69797,3.869968,0.2848217
3.69797,3.955968,0.2781993
3.69797,4.041967,0.2830023
3.69797,4.127966,0.2983764
3.69797,4.213966,0.3188868
3.69797,4.299965,0.3374343
3.69797,4.385965,0.3474669
3.69797,4.471964,0.3444903
3.69797,4.557964,0.3268754
3.69797,4.643963,0.2959638
3.69797,4.729963,0.2554703
3.69797,4.815962,0.2101841
3.69797,4.901962,0.1651843
3.69797,4.987961,0.1329779
3.783969,0,0.3623546
3.783969,0.08599931,0.3207034
3.783969,0.1719986,0.2980575
3.783969,0.2579979,0.2987488
3.783969,0.3439972,0.3225758
3.783969,0.4299966,0.3643972
3.783969,0.5159959,0.4149038
3.783969,0.6019952,0.4625696
3.783969,0.6879945,0.4967808
3.783969,0.7739938,0.5121422
3.783969,0.8599931,0.5139528
3.783969,0.9459924,0.5194998
3.783969,1.031992,0.5396858
3.783969,1.117991,0.5731573
3.783969,1.20399,0.6117331
3.783969,1.28999,0.6450119
3.783969,1.375989,0.6638029
3.783969,1.461989,0.6623772
3.783969,1.547988,0.6395418
3.783969,1.633987,0.5985337
3.783969,1.719987,0.5457365
3.783969,1.805986,0.4882186
3.783969,1.891985,0.429498
3.783969,1.977985,0.3629383
3.783969,2.063984,0.2889974
3.783969,2.149983,0.2195948
3.783969,2.235983,0.1698
3.783969,2.321982,0.1516135
3.783969,2.407981,0.1701006
3.783969,2.49398,0.2218845
3.783969,2.57998,0.2959964
3.783969,2.665979,0.3770795
3.783969,2.751978,0.4509558
3.783969,2.837977,0.5125415
3.783969,2.923977,0.5701268
3.783969,3.009976,0.6226946
3.783969,3.095975,0.6608512
3.783969,3.181974,0.6751387
3.783969,3.267974,0.6597747
3.783969,3.353973,0.6148096
3.783969,3.439972,0.5467029
3.783969,3.525971,0.4673202
3.783969,3.611971,0.3913436
3.783969,3.69797,0.332109
3.783969,3.783969,0.2958522
3.783969,3.869968,0.2747242
3.783969,3.955968,0.2585168
3.783969,4.041967,0.2507887
3.783969,4.127966,0.2516578
3.783969,4.213966,0.2579702
3.783969,4.299965,0.2650891
3.783969,4.385965,0.2683128
3.783969,4.471964,0.263918
3.783969,4.557964,0.249832
3.783969,4.643963,0.2259315
3.783969,4.729963,0.1939682
3.783969,4.815962,0.1571225
3.783969,4.901962,0.1198593
3.783969,4.987961,0.09185196
3.869968,0,0.3608107
3.869968,0.08599931,0.3158741
3.869968,0.1719986,0.2879505
3.869968,0.2579979,0.2817835
3.869968,0.3439972,0.2979046
3.869968,0.4299966,0.3320626
3.869968,0.5159959,0.3758307
3.869968,0.6019952,0.4183929
3.869968,0.6879945,0.4495089
3.869968,0.7739938,0.463655
3.869968,0.8599931,0.4653429
3.869968,0.9459924,0.4713769
3.869968,1.031992,0.4935977
3.869968,1.117991,0.5311167
3.869968,1.20399,0.5756269
3.869968,1.28999,0.6161769
3.869968,1.375989,0.6427652
3.869968,1.461989,0.6487563
3.869968,1.547988,0.6321198
3.869968,1.633987,0.5954884
3.869968,1.719987,0.5450402
3.869968,1.805986,0.4882005
3.869968,1.891985,0.429435
3.869968,1.977985,0.3619109
3.869968,2.063984,0.2852056
3.869968,2.149983,0.2110127
3.869968,2.235983,0.1547043
3.869968,2.321982,0.1289476
3.869968,2.407981,0.1396731
3.869968,2.49398,0.1844044
3.869968,2.57998,0.2529424
3.869968,2.665979,0.3304056
3.869968,2.751978,0.4026314
3.869968,2.837977,0.4639278
3.869968,2.923977,0.5223526
3.869968,3.009976,0.5797802
3.869968,3.095975,0.6279626
3.869968,3.181974,0.6563622
3.869968,3.267974,0.6569114
3.869968,3.353973,0.627001
3.869968,3.439972,0.570702
3.869968,3.525971,0.498222
3.869968,3.611971,0.4235895
3.869968,3.69797,0.3605761
3.869968,3.783969,0.3168449
3.869968,3.869968,0.2866272
3.869968,3.955968,0.2597857
3.869968,4.041967,0.2386231
3.869968,4.127966,0.2244828
3.869968,4.213966,0.2167293
3.869968,4.299965,0.2133192
3.869968,4.385965,0.2113728
3.869968,4.471964,0.2077449
3.869968,4.557964,0.1995961
3.869968,4.643963,0.1849634
3.869968,4.729963,0.1633312
3.869968,4.815962,0.1362016
3.869968,4.901962,0.1076356
3.869968,4.987961,0.08382808
3.955968,0,0.3592666
3.955968,0.08599931,0.3110443
3.955968,0.1719986,0.2778426
3.955968,0.2579979,0.2648167
3.955968,0.3439972,0.2732311
3.955968,0.4299966,0.2997248
3.955968,0.5159959,0.3367538
3.955968,0.6019952,0.3742121
3.955968,0.6879945,0.4022324
3.955968,0.7739938,0.415163
3.955968,0.8599931,0.4167283
3.955968,0.9459924,0.4232494
3.955968,1.031992,0.4475054
3.955968,1.117991,0.4890719
3.955968,1.20399,0.5395172
3.955968,1.28999,0.5873392
3.955968,1.375989,0.6217254
3.955968,1.461989,0.6351342
3.955968,1.547988,0.624697
3.955968,1.633987,0.5924429
3.955968,1.719987,0.5443438
3.955968,1.805986,0.4881822
3.955968,1.891985,0.4293719
3.955968,1.977985,0.3608834
3.955968,2.063984,0.2814134
3.955968,2.149983,0.2024298
3.955968,2.235983,0.1396073
3.955968,2.321982,0.1062795
3.955968,2.407981,0.1092428
3.955968,2.49398,0.1469208
3.955968,2.57998,0.2098843
3.955968,2.665979,0.2837272
3.955968,2.751978,0.3543024
3.955968,2.837977,0.4153094
3.955968,2.923977,0.4746692
3.955968,3.009976,0.5375481
3.955968,3.095975,0.5970859
3.955968,3.181974,0.6416693
3.955968,3.267974,0.6607729
3.955968,3.353973,0.6488407
3.955968,3.439972,0.6072171
3.955968,3.525971,0.5441228
3.955968,3.611971,0.4726759
3.955968,3.69797,0.4069624
3.955968,3.783969,0.3561468
3.955968,3.869968,0.3168733
3.955968,3.955968,0.279631
3.955968,4.041967,0.2458847
3.955968,4.127966,0.2183494
3.955968,4.213966,0.1988392
3.955968,4.299965,0.187682
3.955968,4.385965,0.1835071
3.955968,4.471964,0.1834053
3.955968,4.557964,0.1834616
3.955968,4.643963,0.1796598
3.955968,4.729963,0.1691603
3.955968,4.815962,0.1519504
3.955968,4.901962,0.1320449
3.955968,4.987961,0.112007
4.041967,0,0.358113
4.041967,0.08599931,0.3074355
4.041967,0.1719986,0.2702902
4.041967,0.2579979,0.2521393
4.041967,0.3439972,0.2547955
4.041967,0.4299966,0.2755627
4.041967,0.5159959,0.3075562
4.041967,0.6019952,0.3412009
4.041967,0.6879945,0.3669084
4.041967,0.7739938,0.3789307
4.041967,0.8599931,0.3804045
4.041967,0.9459924,0.3872894
4.041967,1.031992,0.413066
4.041967,1.117991,0.4576569
4.041967,1.20399,0.5125366
4.041967,1.28999,0.5657921
4.041967,1.375989,0.606005
4.041967,1.461989,0.624956
4.041967,1.547988,0.6191509
4.041967,1.633987,0.5901673
4.041967,1.719987,0.5438235
4.041967,1.805986,0.4881686
4.041967,1.891985,0.4293247
4.041967,1.977985,0.3601156
4.041967,2.063984,0.27858
4.041967,2.149983,0.1960168
4.041967,2.235983,0.1283271
4.041967,2.321982,0.08934238
4.041967,2.407981,0.08650583
4.041967,2.49398,0.1189137
4.041967,2.57998,0.1777121
4.041967,2.665979,0.2488499
4.041967,2.751978,0.3181919
4.041967,2.837977,0.3789828
4.041967,2.923977,0.4392073
4.041967,3.009976,0.5071428
4.041967,3.095975,0.5772521
4.041967,3.181974,0.6369721
4.041967,3.267974,0.6735345
4.041967,3.353973,0.6786632
4.041967,3.439972,0.6511561
4.041967,3.525971,0.5973467
4.041967,3.611971,0.5294462
4.041967,3.69797,0.4617703
4.041967,3.783969,0.4048414
4.041967,3.869968,0.3575734
4.041967,3.955968,0.3113923
4.041967,4.041967,0.2674709
4.041967,4.127966,0.2299016
4.041967,4.213966,0.2025881
4.041967,4.299965,0.1877064
4.041967,4.385965,0.1848686
4.041967,4.471964,0.1909896
4.041967,4.557964,0.2008553
4.041967,4.643963,0.2083929
4.041967,4.729963,0.2086438
4.041967,4.815962,0.2004385
4.041967,4.901962,0.1881676
4.041967,4.987961,0.1711376
4.127966,0,0.3576677
4.127966,0.08599931,0.3060426
4.127966,0.1719986,0.2673749
4.127966,0.2579979,0.2472458
4.127966,0.3439972,0.2476792
4.127966,0.4299966,0.2662359
4.127966,0.5159959,0.2962858
4.127966,0.6019952,0.3284584
4.127966,0.6879945,0.3532731
4.127966,0.7739938,0.3649448
4.127966,0.8599931,0.3663832
4.127966,0.9459924,0.3734086
4.127966,1.031992,0.3997722
4.127966,1.117991,0.4455306
4.127966,1.20399,0.502122
4.127966,1.28999,0.5574749
4.127966,1.375989,0.5999367
4.127966,1.461989,0.6210271
4.127966,1.547988,0.61701
4.127966,1.633987,0.5892889
4.127966,1.719987,0.5436226
4.127966,1.805986,0.4881634
4.127966,1.891985,0.4293066
4.127966,1.977985,0.3598193
4.127966,2.063984,0.2774862
4.127966,2.149983,0.1935414
4.127966,2.235983,0.1239728
4.127966,2.321982,0.08280452
4.127966,2.407981,0.0777292
4.127966,2.49398,0.1081028
4.127966,2.57998,0.1652934
4.127966,2.665979,0.2353871
4.127966,2.751978,0.304253
4.127966,2.837977,0.3649604
4.127966,2.923977,0.4258239
4.127966,3.009976,0.4974881
4.127966,3.095975,0.5753719
4.127966,3.181974,0.6461861
4.127966,3.267974,0.6954885
4.127966,3.353973,0.7129902
4.127966,3.439972,0.6956206
4.127966,3.525971,0.6483455
4.127966,3.611971,0.5827411
4.127966,3.69797,0.5133258
4.127966,3.783969,0.4516419
4.127966,3.869968,0.3982694
4.127966,3.955968,0.3455609
4.127966,4.041967,0.2949537
4.127966,4.127966,0.2517782
4.127966,4.213966,0.2214456
4.127966,4.299965,0.2072602
4.127966,4.385965,0.2091863
4.127966,4.471964,0.2235691
4.127966,4.557964,0.2438096
4.127966,4.643963,0.2619931
4.127966,4.729963,0.2714716
4.127966,4.815962,0.2704002
4.127966,4.901962,0.2639407
4.127966,4.987961,0.2489818
4.213966,0,0.3581037
4.213966,0.08599931,0.3074064
4.213966,0.1719986,0.2702292
4.213966,0.2579979,0.2520369
4.213966,0.3439972,0.2546465
4.213966,0.4299966,0.2753674
4.213966,0.5159959,0.3073202
4.213966,0.6019952,0.3409341
4.213966,0.6879945,0.3666229
4.213966,0.7739938,0.3786378
4.213966,0.8599931,0.3801108
4.213966,0.9459924,0.3869987
4.213966,1.031992,0.4127876
4.213966,1.117991,0.457403
4.213966,1.20399,0.5123186
4.213966,1.28999,0.565618
4.213966,1.375989,0.6058779
4.213966,1.461989,0.6248736
4.213966,1.547988,0.6191061
4.213966,1.633987,0.5901489
4.213966,1.719987,0.5438193
4.213966,1.805986,0.4881685
4.213966,1.891985,0.4293244
4.213966,1.977985,0.3601094
4.213966,2.063984,0.278557
4.213966,2.149983,0.195965
4.213966,2.235983,0.1282359
4.213966,2.321982,0.08920548
4.213966,2.407981,0.08632203
4.213966,2.49398,0.1186873
4.213966,2.57998,0.177452
4.213966,2.665979,0.248568
4.213966,2.751978,0.3179
4.213966,2.837977,0.3786891
4.213966,2.923977,0.4398576
4.213966,3.009976,0.5132699
4.213966,3.095975,0.59471
4.213966,3.181974,0.6704386
4.213966,3.267974,0.7251437
4.213966,3.353973,0.7475626
4.213966,3.439972,0.7337875
4.213966,3.525971,0.688246
4.213966,3.611971,0.6223595
4.213966,3.69797,0.5508832
4.213966,3.783969,0.4859179
4.213966,3.869968,0.4287731
4.213966,3.955968,0.3724076
4.213966,4.041967,0.3189833
4.213966,4.127966,0.2748135
4.213966,4.213966,0.2461313
4.213966,4.299965,0.2365972
4.213966,4.385965,0.2459166
4.213966,4.471964,0.2695655
4.213966,4.557964,0.2996247
4.213966,4.643963,0.3267234
4.213966,4.729963,0.3430897
4.213966,4.815962,0.3467116
4.213966,4.901962,0.3438159
4.213966,4.987961,0.3300012
4.299965,0,0.3593764
4.299965,0.08599931,0.3113875
4.299965,0.1719986,0.2785609
4.299965,0.2579979,0.2660223
4.299965,0.3439972,0.2749843
4.299965,0.4299966,0.3020227
4.299965,0.5159959,0.3395305
4.299965,0.6019952,0.3773514
4.299965,0.6879945,0.4055918
4.299965,0.7739938,0.4186087
4.299965,0.8599931,0.4201828
4.299965,0.9459924,0.4266692
4.299965,1.031992,0.4507805
4.299965,1.117991,0.4920595
4.299965,1.20399,0.542083
4.299965,1.28999,0.5893883
4.299965,1.375989,0.6232204
4.299965,1.461989,0.6361021
4.299965,1.547988,0.6252245
4.299965,1.633987,0.5926593
4.299965,1.719987,0.5443933
4.299965,1.805986,0.4881835
4.299965,1.891985,0.4293764
4.299965,1.977985,0.3609564
4.299965,2.063984,0.2816828
4.299965,2.149983,0.2030397
4.299965,2.235983,0.1406801
4.299965,2.321982,0.1078902
4.299965,2.407981,0.1114051
4.299965,2.49398,0.1495843
4.299965,2.57998,0.2129439
4.299965,2.665979,0.287044
4.299965,2.751978,0.3577365
4.299965,2.837977,0.4187641
4.299965,2.923977,0.4798873
4.299965,3.009976,0.5529607
4.299965,3.095975,0.6334875
4.299965,3.181974,0.7075397
4.299965,3.267974,0.7597583
4.299965,3.353973,0.778994
4.299965,3.439972,0.7615994
4.299965,3.525971,0.7123657
4.299965,3.611971,0.6431056
4.299965,3.69797,0.5688857
4.299965,3.783969,0.5019016
4.299965,3.869968,0.443187
4.299965,3.955968,0.3858076
4.299965,4.041967,0.3329414
4.299965,4.127966,0.2915911
4.299965,4.213966,0.2681846
4.299965,4.299965,0.2660836
4.299965,4.385965,0.2842639
4.299965,4.471964,0.3171674
4.299965,4.557964,0.3557245
4.299965,4.643963,0.3895485
4.299965,4.729963,0.4103011
4.299965,4.815962,0.4162282
4.299965,4.901962,0.4147755
4.299965,4.987961,0.4013756
4.385965,0,0.3611519
4.385965,0.08599931,0.3169411
4.385965,0.1719986,0.290183
4.385965,0.2579979,0.28553
4.385965,0.3439972,0.3033517
4.385965,0.4299966,0.3392001
4.385965,0.5159959,0.3844538
4.385965,0.6019952,0.4281402
4.385965,0.6879945,0.4599369
4.385965,0.7739938,0.4743488
4.385965,0.8599931,0.4760615
4.385965,0.9459924,0.4819854
4.385965,1.031992,0.5037537
4.385965,1.117991,0.5403755
4.385965,1.20399,0.5835727
4.385965,1.28999,0.6225163
4.385965,1.375989,0.6473839
4.385965,1.461989,0.6517407
4.385965,1.547988,0.6337403
4.385965,1.633987,0.5961483
4.385965,1.719987,0.5451871
4.385965,1.805986,0.4882026
4.385965,1.891985,0.4294518
4.385965,1.977985,0.3621462
4.385965,2.063984,0.2860581
4.385965,2.149983,0.21293
4.385965,2.235983,0.158066
4.385965,2.321982,0.1339847
4.385965,2.407981,0.1464252
4.385965,2.49398,0.1927119
4.385965,2.57998,0.2624766
4.385965,2.665979,0.3407338
4.385965,2.751978,0.4133188
4.385965,2.837977,0.4746742
4.385965,2.923977,0.5355217
4.385965,3.009976,0.606904
4.385965,3.095975,0.683618
4.385965,3.181974,0.7517045
4.385965,3.267974,0.7962803
4.385965,3.353973,0.8070079
4.385965,3.439972,0.7812133
4.385965,3.525971,0.7246441
4.385965,3.611971,0.6498711
4.385965,3.69797,0.5723358
4.385965,3.783969,0.5040362
4.385965,3.869968,0.4450748
4.385965,3.955968,0.3882384
4.385965,4.041967,0.3378301
4.385965,4.127966,0.301342
4.385965,4.213966,0.2850302
4.385965,4.299965,0.2915979
4.385965,4.385965,0.3190577
4.385965,4.471964,0.3607719
4.385965,4.557964,0.4066719
4.385965,4.643963,0.4456552
4.385965,4.729963,0.4691607
4.385965,4.815962,0.4759228
4.385965,4.901962,0.4746419
4.385965,4.987961,0.4612857
4.471964,0,0.3629627
4.471964,0.08599931,0.3225534
4.471964,0.1719986,0.3018202
4.471964,0.2579979,0.3048817
4.471964,0.3439972,0.3312281
4.471964,0.4299966,0.3753883
4.471964,0.5159959,0.4277638
4.471964,0.6019952,0.4766325
4.471964,0.6879945,0.511319
4.471964,0.7739938,0.5265312
4.471964,0.8599931,0.5278525
4.471964,0.9459924,0.5326319
4.471964,1.031992,0.5513585
4.471964,1.117991,0.5826275
4.471964,1.20399,0.6185035
4.471964,1.28999,0.648972
4.471964,1.375989,0.6652458
4.471964,1.461989,0.6619241
4.471964,1.547988,0.6380051
4.471964,1.633987,0.596753
4.471964,1.719987,0.5444174
4.471964,1.805986,0.4878069
4.471964,1.891985,0.4301717
4.471964,1.977985,0.3652204
4.471964,2.063984,0.2937762
4.471964,2.149983,0.2276375
4.471964,2.235983,0.1814743
4.471964,2.321982,0.1667906
4.471964,2.407981,0.1881973
4.471964,2.49398,0.2420012
4.471964,2.57998,0.3171091
4.471964,2.665979,0.398243
4.471964,2.751978,0.4714747
4.471964,2.837977,0.5320675
4.471964,2.923977,0.5915195
4.471964,3.009976,0.6597603
4.471964,3.095975,0.7309203
4.471964,3.181974,0.7912802
4.471964,3.267974,0.8267658
4.471964,3.353973,0.8281261
4.471964,3.439972,0.7937976
4.471964,3.525971,0.7304558
4.471964,3.611971,0.6512495
4.471964,3.69797,0.5717251
4.471964,3.783969,0.5034308
4.471964,3.869968,0.4454536
4.471964,3.955968,0.3903738
4.471964,4.041967,0.3435114
4.471964,4.127966,0.3126208
4.471964,4.213966,0.3035695
4.471964,4.299965,0.3182816
4.471964,4.385965,0.3538279
4.471964,4.471964,0.4026629
4.471964,4.557964,0.4540083
4.471964,4.643963,0.4963826
4.471964,4.729963,0.5212775
4.471964,4.815962,0.5279808
4.471964,4.901962,0.526232
4.471964,4.987961,0.5128722
4.557964,0,0.3646672
4.557964,0.08599931,0.3276543
4.557964,0.1719986,0.3120126
4.557964,0.2579979,0.3211799
4.557964,0.3439972,0.3537509
4.557964,0.4299966,0.4033624
4.557964,0.5159959,0.4597012
4.557964,0.6019952,0.510631
4.557964,0.6879945,0.5454414
4.557964,0.7739938,0.5592146
4.557964,0.8599931,0.5582924
4.557964,0.9459924,0.5599846
4.557964,1.031992,0.5735524
4.557964,1.117991,0.5976599
4.557964,1.20399,0.6253796
4.557964,1.28999,0.6480582
4.557964,1.375989,0.6581762
4.557964,1.461989,0.6512045
4.557964,1.547988,0.6264538
4.557964,1.633987,0.5869216
4.557964,1.719987,0.538132
4.557964,1.805986,0.4859724
4.557964,1.891985,0.4331101
4.557964,1.977985,0.3746064
4.557964,2.063984,0.312285
4.557964,2.149983,0.2572512
4.557964,2.235983,0.2226176
4.557964,2.321982,0.2181554
4.557964,2.407981,0.2470678
4.557964,2.49398,0.3048897
4.557964,2.57998,0.3805151
4.557964,2.665979,0.459346
4.557964,2.751978,0.5285715
4.557964,2.837977,0.5845666
4.557964,2.923977,0.6388677
4.557964,3.009976,0.699674
4.557964,3.095975,0.7608297
4.557964,3.181974,0.8097222
4.557964,3.267974,0.833971
4.557964,3.353973,0.8259847
4.557964,3.439972,0.7853976
4.557964,3.525971,0.7193788
4.557964,3.611971,0.6408145
4.557964,3.69797,0.5643685
4.557964,3.783969,0.5004119
4.557964,3.869968,0.4470864
4.557964,3.955968,0.3972692
4.557964,4.041967,0.3568937
4.557964,4.127966,0.3332868
4.557964,4.213966,0.3313412
4.557964,4.299965,0.3519379
4.557964,4.385965,0.3913738
4.557964,4.471964,0.4417953
4.557964,4.557964,0.492635
4.557964,4.643963,0.5330547
4.557964,4.729963,0.5553935
4.557964,4.815962,0.5596189
4.557964,4.901962,0.5557508
4.557964,4.987961,0.5422417
4.643963,0,0.3662303
4.643963,0.08599931,0.3320756
4.643963,0.1719986,0.3202853
4.643963,0.2579979,0.3334212
4.643963,0.3439972,0.3691599
4.643963,0.4299966,0.4204224
4.643963,0.5159959,0.4765275
4.643963,0.6019952,0.5253711
4.643963,0.6879945,0.5566303
4.643963,0.7739938,0.5659892
4.643963,0.8599931,0.560362
4.643963,0.9459924,0.5563858
4.643963,1.031992,0.5619819
4.643963,1.117991,0.5765243
4.643963,1.20399,0.5949784
4.643963,1.28999,0.6107771
4.643963,1.375989,0.617979
4.643963,1.461989,0.6127101
4.643963,1.547988,0.593887
4.643963,1.633987,0.5632232
4.643963,1.719987,0.5245177
4.643963,1.805986,0.4822261
4.643963,1.891985,0.4389889
4.643963,1.977985,0.3922596
4.643963,2.063984,0.3446912
4.643963,2.149983,0.3056742
4.643963,2.235983,0.2855722
4.643963,2.321982,0.2915467
4.643963,2.407981,0.325122
4.643963,2.49398,0.3814929
4.643963,2.57998,0.4505762
4.643963,2.665979,0.519801
4.643963,2.751978,0.578646
4.643963,2.837977,0.6249141
4.643963,2.923977,0.6691037
4.643963,3.009976,0.7169534
4.643963,3.095975,0.7626004
4.643963,3.181974,0.7956935
4.643963,3.267974,0.8066655
4.643963,3.353973,0.790261
4.643963,3.439972,0.7473217
4.643963,3.525971,0.6848326
4.643963,3.611971,0.614221
4.643963,3.69797,0.547919
4.643963,3.783969,0.4941768
4.643963,3.869968,0.4503855
4.643963,3.955968,0.4104893
4.643963,4.041967,0.3805086
4.643963,4.127966,0.3664261
4.643963,4.213966,0.3713805
4.643963,4.299965,0.394859
4.643963,4.385965,0.4326082
4.643963,4.471964,0.4772622
4.643963,4.557964,0.5196885
4.643963,4.643963,0.5510511
4.643963,4.729963,0.5655909
4.643963,4.815962,0.5641243
4.643963,4.901962,0.5559181
4.643963,4.987961,0.541801
4.729963,0,0.3676593
4.729963,0.08599931,0.3358515
4.729963,0.1719986,0.3267354
4.729963,0.2579979,0.3418104
4.729963,0.3439972,0.3778148
4.729963,0.4299966,0.4271197
4.729963,0.5159959,0.4790063
4.729963,0.6019952,0.5218261
4.729963,0.6879945,0.5460446
4.729963,0.7739938,0.5481644
4.729963,0.8599931,0.5354952
4.729963,0.9459924,0.5233997
4.729963,1.031992,0.5183531
4.729963,1.117991,0.5210484
4.729963,1.20399,0.5291837
4.729963,1.28999,0.5389667
4.729963,1.375989,0.5463284
4.729963,1.461989,0.5478447
4.729963,1.547988,0.5413668
4.729963,1.633987,0.5263587
4.729963,1.719987,0.5039448
4.729963,1.805986,0.4766647
4.729963,1.891985,0.44765
4.729963,1.977985,0.4176082
4.729963,2.063984,0.389724
4.729963,2.149983,0.3706691
4.729963,2.235983,0.3669721
4.729963,2.321982,0.3824524
4.729963,2.407981,0.416828
4.729963,2.49398,0.4654981
4.729963,2.57998,0.5205004
4.729963,2.665979,0.5726421
4.729963,2.751978,0.6148071
4.729963,2.837977,0.6464347
4.729963,2.923977,0.6758409
4.729963,3.009976,0.7057259
4.729963,3.095975,0.7311666
4.729963,3.181974,0.7451699
4.729963,3.267974,0.7419783
4.729963,3.353973,0.7191982
4.729963,3.439972,0.6787552
4.729963,3.525971,0.6266754
4.729963,3.611971,0.5716902
4.729963,3.69797,0.5226694
4.729963,3.783969,0.4848761
4.729963,3.869968,0.4552667
4.729963,3.955968,0.4297145
4.729963,4.041967,0.4138389
4.729963,4.127966,0.4114083
4.729963,4.213966,0.4230674
4.729963,4.299965,0.4465767
4.729963,4.385965,0.4773444
4.729963,4.471964,0.5092489
4.729963,4.557964,0.535754
4.729963,4.643963,0.5513155
4.729963,4.729963,0.5530785
4.729963,4.815962,0.5428684
4.729963,4.901962,0.5281857
4.729963,4.987961,0.512683
4.815962,0,0.3689917
4.815962,0.08599931,0.3391631
4.815962,0.1719986,0.3318742
4.815962,0.2579979,0.3474284
4.815962,0.3439972,0.3816105
4.815962,0.4299966,0.4263616
4.815962,0.5159959,0.4711628
4.815962,0.6019952,0.5051259
4.815962,0.6879945,0.5197932
4.815962,0.7739938,0.5126414
4.815962,0.8599931,0.4912491
4.815962,0.9459924,0.4692711
4.815962,1.031992,0.4516602
4.815962,1.117991,0.4408668
4.815962,1.20399,0.4379252
4.815962,1.28999,0.4423142
4.815962,1.375989,0.4520486
4.815962,1.461989,0.4640068
4.815962,1.547988,0.4744911
4.815962,1.633987,0.4800217
4.815962,1.719987,0.4783656
4.815962,1.805986,0.4697974
4.815962,1.891985,0.4583015
4.815962,1.977985,0.4483068
4.815962,2.063984,0.4431528
4.815962,2.149983,0.4460295
4.815962,2.235983,0.4589036
4.815962,2.321982,0.4818463
4.815962,2.407981,0.5128349
4.815962,2.49398,0.5480277
4.815962,2.57998,0.582514
4.815962,2.665979,0.6115366
4.815962,2.751978,0.6321899
4.815962,2.837977,0.6455894
4.815962,2.923977,0.6568968
4.815962,3.009976,0.6654986
4.815962,3.095975,0.6679925
4.815962,3.181974,0.6615351
4.815962,3.267974,0.6448114
4.815962,3.353973,0.6185314
4.815962,3.439972,0.5854518
4.815962,3.525971,0.549925
4.815962,3.611971,0.5169725
4.815962,3.69797,0.4908866
4.815962,3.783969,0.4733558
4.815962,3.869968,0.4612862
4.815962,3.955968,0.4532601
4.815962,4.041967,0.454159
4.815962,4.127966,0.4649108
4.815962,4.213966,0.4831341
4.815962,4.299965,0.5046232
4.815962,4.385965,0.5246001
4.815962,4.471964,0.5387317
4.815962,4.557964,0.5439141
4.815962,4.643963,0.5388226
4.815962,4.729963,0.5242278
4.815962,4.815962,0.5030783
4.815962,4.901962,0.4803427
4.815962,4.987961,0.4624812
4.901962,0,0.3702842
4.901962,0.08599931,0.3422824
4.901962,0.1719986,0.3364696
4.901962,0.2579979,0.3518982
4.901962,0.3439972,0.383393
4.901962,0.4299966,0.4225149
4.901962,0.5159959,0.4590429
4.901962,0.6019952,0.4829756
4.901962,0.6879945,0.4870517
4.901962,0.7739938,0.4697865
4.901962,0.8599931,0.4389743
4.901962,0.9459924,0.4063833
4.901962,1.031992,0.3754121
4.901962,1.117991,0.3504497
4.901962,1.20399,0.3361175
4.901962,1.28999,0.33537
4.901962,1.375989,0.3483939
4.901962,1.461989,0.3723088
4.901962,1.547988,0.401668
4.901962,1.633987,0.4297605
4.901962,1.719987,0.4507124
4.901962,1.805986,0.462389
4.901962,1.891985,0.4697618
4.901962,1.977985,0.4809656
4.901962,2.063984,0.4991142
4.901962,2.149983,0.5235432
4.901962,2.235983,0.5514324
4.901962,2.321982,0.5791026
4.901962,2.407981,0.6030332
4.901962,2.49398,0.6205963
4.901962,2.57998,0.6305102
4.901962,2.665979,0.6330101
4.901962,2.751978,0.6297382
4.901962,2.837977,0.6233512
4.901962,2.923977,0.6152493
4.901962,3.009976,0.6015839
4.901962,3.095975,0.5808747
4.901962,3.181974,0.554758
4.901962,3.267974,0.5265098
4.901962,3.353973,0.4998541
4.901962,3.439972,0.4780501
4.901962,3.525971,0.4632629
4.901962,3.611971,0.4562149
4.901962,3.69797,0.4561196
4.901962,3.783969,0.4608964
4.901962,3.869968,0.4677773
4.901962,3.955968,0.4785955
4.901962,4.041967,0.4973748
4.901962,4.127966,0.5219432
4.901962,4.213966,0.5466725
4.901962,4.299965,0.5652916
4.901962,4.385965,0.5728996
4.901962,4.471964,0.5671772
4.901962,4.557964,0.5487991
4.901962,4.643963,0.5210446
4.901962,4.729963,0.4886082
4.901962,4.815962,0.4556099
4.901962,4.901962,0.4241156
4.901962,4.987961,0.4029229
4.987961,0,0.3716005
4.987961,0.08599931,0.3455164
4.987961,0.1719986,0.3413889
4.987961,0.2579979,0.3570524
4.987961,0.3439972,0.3863755
4.987961,0.4299966,0.4205092
4.987961,0.5159959,0.4494721
4.987961,0.6019952,0.4640741
4.987961,0.6879945,0.4581789
4.987961,0.7739938,0.4313022
4.987961,0.8599931,0.3914853
4.987961,0.9459924,0.3487167
4.987961,1.031992,0.3048598
4.987961,1.117991,0.2661338
4.987961,1.20399,0.2405982
4.987961,1.28999,0.2345607
4.987961,1.375989,0.2503276
4.987961,1.461989,0.2852961
4.987961,1.547988,0.3323901
4.987961,1.633987,0.3818386
4.987961,1.719987,0.4242954
4.987961,1.805986,0.4553032
4.987961,1.891985,0.480703
4.987961,1.977985,0.5118544
4.987961,2.063984,0.5513458
4.987961,2.149983,0.5947485
4.987961,2.235983,0.6347666
4.987961,2.321982,0.664362
4.987961,2.407981,0.6788785
4.987961,2.49398,0.6771579
4.987961,2.57998,0.6616538
4.987961,2.665979,0.6375403
4.987961,2.751978,0.6108156
4.987961,2.837977,0.5854016
4.987961,2.923977,0.5588197
4.987961,3.009976,0.5243912
4.987961,3.095975,0.4826947
4.987961,3.181974,0.4396551
4.987961,3.267974,0.4027835
4.987961,3.353973,0.3784263
4.987961,3.439972,0.3700155
4.987961,3.525971,0.3773251
4.987961,3.611971,0.3967318
4.987961,3.69797,0.4224797
4.987961,3.783969,0.4489508
4.987961,3.869968,0.4739872
4.987961,3.955968,0.5028641
4.987961,4.041967,0.5388645
4.987961,4.127966,0.5768715
4.987961,4.213966,0.6081414
4.987961,4.299965,0.6243971
4.987961,4.385965,0.6205768
4.987961,4.471964,0.5962411
4.987961,4.557964,0.5556363
4.987961,4.643963,0.506417
4.987961,4.729963,0.4570235
4.987961,4.815962,0.4127185
4.987961,4.901962,0.3727631
4.987961,4.987961,0.3474829